;marca;preco
0;Notebook Asus AMD Ryzen 5-3500U, 8GB RAM, SSD 256GB, 15,6', Radeon Vega 8, Windows 11 Home, Cinza - M515DA-BR1213W;R$ 2.699,99
1;Notebook Gamer Lenovo Gaming 3i Intel Core i5-11300H, GeForce GTX 1650, 8GB RAM, SSD 512GB, 15.6 Full HD, Windows 11, Preto  - 82MG0009BR;R$ 4.309,99
2;Notebook Samsung Intel Core i5-1135G7, 8GB RAM, SSD 256GB, 15.6 Full HD, Windows 11 Pro, Cinza - NP550XDA-KH6BR;R$ 3.199,99
3;"Notebook Acer Aspire 5 A514-54-52TY, Intel Core I5 11a Geração, 8GB, 256GB SSD, 14"" Full HD, Windows 11 Home";R$ 3.181,55
4;Notebook Asus AMD Ryzen 5-3500U, 8GB RAM, SSD 256GB, 15,6', Radeon Vega 8, Linux, Cinza - M515DA-BR1213;R$ 2.649,99
5;Notebook Acer Aspire 5 Intel Core i7-10510U, 8GB RAM, 512GB SSD NVMe, Tela 15.6 IPS Full HD, Windows 11 Home, Prata - A515-54-74F9;R$ 4.199,99
6;Notebook Acer Aspire 5, Intel Core I5 11ª Gen, 8GB, SSD 256GB, 14 Pol. Full HD, Linux Gutta - A514-54-56lf;R$ 2.849,05
7;Notebook Gamer Acer Nitro 5 Intel Core i7-11800H, GeForce GTX 1650, 8GB RAM, SSD 512GB, 15.6 Full HD 144Hz IPS, Windows 11, Preto - AN515-57-740K;R$ 5.999,99
8;Notebook Gamer Acer Nitro 5 AMD Ryzen 7-4800H, 8GB RAM, SSD 256GB, GeForce GTX 1650, HDD 1TB, 15.6 Full HD, Windows 11, Preto  - AN515-44-R629;R$ 5.299,99
9;Notebook Gamer Lenovo Gaming 3i Intel Core i5-11300H, GeForce GTX1650, 8GB RAM, SSD 512GB, 15.6 Full HD, Linux, Preto - 82MGS00200;R$ 4.299,99
10;Notebook Acer Aspire 5, Intel Core I7 11ª Gen, 8GB, SSD 512GB, 15.6 Pol. Full HD, Linux Gutta - A515-56-740v;R$ 3.609,05
11;Notebook Acer Aspire 3, Intel Celeron N4020 Dual Core, 4GB RAM, SSD 128GB, 15.6 HD, Windows 11, Preto - A315-34-C2BV;R$ 1.843,57
12;Notebook Acer Aspire 5 AMD Ryzen R7 5700U, 8GB RAM, SSD 256GB, 15.6 Full HD, Linux, Prata - A515-45-R4ZF;R$ 3.299,99
13;Notebook Lenovo IdeaPad 3i Intel Celeron N4020 Dual Core, 4GB, SSD 128GB, Windows 11, 15.6, Prata - 82BU0006BR;R$ 1.999,99
14;Notebook Lenovo Ultrafino IdeaPad 3i Intel Core i5-1135G7, 8GB RAM, SSD 256GB, 15.6 Full HD, Iris Xe, Windows 11, Cinza - 82MD0007BR;R$ 3.599,99
15;Notebook Gamer Dell Alienware m15 R6 Intel Core i7-11800H, 16GB RAM, SSD 1TB, GeForce RTX 3070, 15.6 FHD, Windows  11, Preto - AW15-i1100-A30P;R$ 11.299,99
16;Notebook Acer Aspire 3 Intel Core i3-1115G4, 8GB RAM, SSD 256GB, 15.6 Full HD, Windows 11, Prata - A315-58-31UY;R$ 2.799,99
17;Notebook Acer Aspire 3 Intel Celeron N4020, 4GB RAM, SSD 128GB NVMe, Tela 15,6', Intel UHD Graphic 600, Windows 11 Home, Preto - A315-34-C9WH;R$ 1.996,99
18;Notebook Acer Aspire 5 Intel Core i5-10210U, GeForce MX 250, 8GB RAM, 512GB SSD NVMe, 15.6 IPS FHD, Windows 11 Home, Prata - A515-54G-52FY;R$ 3.999,99
19;Notebook Gamer Lenovo Gaming 3 AMD Ryzen 7-5800H, GeForce GTX1650, 8GB RAM, SSD 256GB, 15.6 Full HD, Windows 11, Preto  - 82MJ0001BR;R$ 5.999,99
20;Notebook Acer Swift 3 Intel Core i5-1135G7 EVO, 16GB RAM, SSD 512GB, 14 Full HD, Windows 11 Home, Azul - SF314-511-56UR;R$ 4.599,99
21;Notebook LG Gram Intel Core i5, 8GB RAM, 256GB SSD, Tela 14 IPS FHD, Windows 10 Home, Titanium - 14Z90N;R$ 3.799,99
22;Notebook Lenovo Ideapad - Tela 15.6'' Full HD, Ryzen 5 5500u, 12GB, SSD 256GB, Linux - 82mfs00000;R$ 2.903,12
23;Notebook Vaio FE15 Intel Core i3-1215U, 4GB RAM, SSD 256GB, 15.6 Full HD, Windows 11, Cinza Grafite - VJFE54F11X-B0521H;R$ 2.589,99
24;Notebook Acer Aspire 3 A315-58-573p, Intel Core I5 11a Gen, 8GB RAM, 256GB SSD, Tela 15.6 Polegadas FHD, Intel Iris Xe, Windows 11 Home, Prata;R$ 3.249,90
25;Notebook Gamer 2am E550 Nvidia Geforce Gtx 1050 3gb - Windows 10 Home Core I5-9400 8gb | 1tb + Ssd 128gb Fullhd 15.6.;R$ 3.549,00
26;Notebook Acer Aspire 5, Intel Core I5 11ª Gen, 8GB RAM, SSD 512GB, 15.6 Polegadas, Nvidia GeForce MX350 2GB, Windows 11 Home, Prata - A515-56G-551P;R$ 3.753,00
27;Notebook Lenovo Ultrafino IdeaPad 3i Intel Core i3-1115G4, 4GB RAM, SSD 256GB, 15.6 Full HD, Linux, Cinza - 82MDS00300;R$ 2.699,99
28;Notebook Samsung Book I5 8GB 256GB SSD 15.6'' Windows 11h Cinza Chumbo;R$ 3.499,00
29;Notebook Acer Amd Ryzen 7 5700u A515-45-r8w2, 8GB RAM, 512GB SSD, 15.6 Polegadas, W11, Prata;R$ 3.894,05
30;Notebook Gamer Acer Nitro 5 An517-54-59kr Intel Core I5 Linux Gutta 8GB 512GB SSD Gtx 1650 17.Polegadas FHD;R$ 4.654,05
31;Notebook Gamer Acer Nitro 5 Intel Core i7-10750H, GeForce GTX 1650, 8GB RAM, SSD 512GB, 15.6' Full HD IPS 144Hz, Win11 - AN515-55-79X0;R$ 5.999,99
32;Notebook Lenovo Ultrafino IdeaPad 3i-15IGL Intel Celeron N4020, 4GB RAM, 128GB SSD, Linux, Prata - 82BUS00100;R$ 1.891,99
33;Notebook LG Gram Intel Core i7-1165G7, 16GB RAM, 512GB SSD M.2 NVMe, 17' IPS, Iris Xe Graphics, Windows 10 Home, Preto - 17Z90P-G.BH71P2;R$ 6.999,99
34;Notebook Ultra Ub433, Intel Core I3, 4GB RAM, 120GB, HD, 14.1 polegadas, Sistema Linux;R$ 1.274,00
35;Notebook Gamer Acer Nitro 5, AMD Ryzen 7, 8GB RAM, SSD 512GB, 15.6  Full HD, GTX 1650, Windows 11 Home - AN515-45-R1FQ;R$ 4.899,00
36;Notebook Gamer Acer Nitro 5 Intel Core i5-10300H, GeForce GTX 1650, 8GB RAM, SSD 512GB, 15.6' Full HD IPS, Win11 - AN515-55-59T4;R$ 4.999,99
37;Notebook Compaq Presario Intel Core i3, 8GB RAM, 240GB SSD, Tela 14.1 HD, Linux - 439;R$ 2.099,00
38;Notebook LG Gram Intel Core i5-1035G7, 8GB, 256GB SSD M.2 NVMe, 15.6 IPS FHD, Windows 10 Home, Cinza Escuro - 15Z90N-V.BJ51P2;R$ 3.999,99
39;Notebook Dell Inspiron Intel Core I3 1115G4, 8GB RAM, SSD 256GB, Tela 15.6 Full HD, Windows 11 Home, Preto - I15-I1100-A30P;R$ 3.299,00
40;Notebook Lenovo Ultrafino IdeaPad 3 Ryzen 7-5700U, 8GB, SSD 256GB, Windows 11, 15.6, Prata - 82MF0004BR;R$ 3.999,99
41;Notebook HP 256 G8 Intel Core I3, RAM 8GB, SSD 256GB, 15.6 Polegadas HD, Windows 11 Home Sl;R$ 2.799,00
42;Notebook Asus Intel Core I5 1035G1, 8GB RAM, SSD 256GB, 15.6 Full HD, Cinza - X515JA-EJ1792W;R$ 3.299,00
43;"Notebook Lenovo IdeaPad 3 R5-5500U 8GB RAM 256GB SSD 15.6"" FULL HD, Integrada AMD Radeon™ Graphics, Windows 11 Home, Cinza - 82MF000ABR.";R$ 3.079,12
44;Notebook Asus M515DA AMD Ryzen 5 3500U, 8GB RAM, SSD 256GB, 15.6 LED,  Windows 11, Cinza - M515DA-BR1213W;R$ 3.099,00
45;Notebook Acer Aspire 3 AMD Ryzen 3-3250U, 8GB RAM, SSD 256GB, 15.6 HD, Windows 11, Preto - A315-23-R7CG;R$ 2.799,99
46;Notebook HP 256 G8, I5-1135g7, 8GB RAM DDR4, 256GB SSD, Tela 15.6 HD, Intel Iris Xe, Win 11 Home Sl, Preto;R$ 3.329,99
47;Notebook Positivo Motion Q464c, Intel Atom  Quad-core, Windows 10 Home, 14.1'' - Dourado;R$ 1.099,00
48;Notebook Gamer 2am E550 Core I7-9700, 16GB RAM, Nvidia Geforce Gtx 1050 3GB, 128GB SSD, 1TB, Tela 15.6 Polegadas FullHD, Windows 10 Home, Preto;R$ 4.319,00
49;Notebook Acer Aspire 3, Intel Core I3 11ª Gen, 4GB, SSD 256GB, 15.6 Full HD, Windows 11 Home - A315-58-38SD;R$ 2.640,80
50;Notebook Samsung Book Intel Celeron 6305, 4GB RAM, HD 500GB, 15.6 Full HD, Intel UHD Graphics, Linux, Cinza - NP550XDZ-KO4BR;R$ 1.699,99
51;Notebook Gamer Asus Intel Core i5-11300H, 8GB RAM, SSD 512GB, 15.6 Full HD, GTX 1650 Max, Windows 11, Prata - K3500PH-KJ378W;R$ 5.299,99
52;Notebook Acer Aspire 5 A515-54-57cs Intel Core I5 10210u 8gb 256gb Tela 15.6 Polegadas Windows 11;R$ 3.119,40
53;Notebook Acer Aspire 3 A315-58-31uy, Intel Core I3, 8GB, 256GB SSD, Tela 15.6, Windows 11 Home, Prata;R$ 2.999,00
54;Notebook Acer Aspire 3, Intel Core I3 11ª Geração 4.10GHz, 8GB DDR4, SSD 512GB NVMe, Tela 15.6 Full HD, Gráficos Iris Xe, Windows 11 - A315-58-372M;R$ 3.051,00
55;Notebook Lenovo Ideapad 3i, I5-1135g7, 256GB RAM, SSD 8GB, Tela 15.6 Full HD,  Win 11 Home - 82md0007br;R$ 3.099,00
56;Notebook Samsung Galaxy Book2 360, Intel Core I7, RAM 16GB, SSD 512GB, Intel Iris Xe Graphics, 13.3pol FHD, Windows 11 Home, Grafite - Np730qed-ks2br;R$ 9.606,45
57;Notebook Ideapad Gaming 3 R7-5800h, 16GB, 512GBSSD Gtx 1650 4GB 15.6 PolegadasFhd- W11 82mj0000br;R$ 5.279,12
58;Notebook Lenovo Ideapad 3i I7-1165g7 16GB, 512GB SSD, 15.6 Polegadas Full HD, Placa De Vídeo Intel Iris® Xe, Windows 11;R$ 4.223,12
59;Notebook LG Gram Intel Core i7-1165G7, 16GB RAM, 256GB SSD M.2 NVMe, 16' IPS, Intel Iris Xe, Windows 10 Home, Preto - 16Z90P-G.BH71P2;R$ 5.999,99
60;Notebook Acer Aspire 3 Intel Celeron N4020 Dual Core, 4GB RAM, SSD 128GB, 15.6 HD, Windows 11, Microsoft Office, Preto - A315-34-C2BV;R$ 1.999,99
61;Notebook Lenovo IdeaPad 3i Intel Celeron N4020 Dual Core, 4GB, HD 500GB, Linux, 15.6, Prata - 82BUS00000;R$ 1.839,99
62;Notebook Gamer Acer Nitro 5 Intel Core I5, 8GB, GTX 1650, SSD 512GB, Tela 15.6 FHD, Windows 11 - An515-57-52lc;R$ 4.899,00
63;Notebook Acer Aspire 3, Intel Celeron N4500, 4GB RAM, SSD 256GB, Tela 14 Polegadas Full HD, Windows 10, Prata - A314-35-C4CZ;R$ 1.993,10
64;Notebook Lenovo Ultrafino IdeaPad 3i Intel Core i5-10210U, NVIDIA GeForce MX330, 8GB, SSD 256GB, Windows 11, 15.6, Prata - 82BS000KBR;R$ 3.783,99
65;"Chromebook Samsung Intel Celeron N4500 Dual-Core, 8GB RAM, SSD 64GB e.MMC, 14"" HD Antirreflexo, Intel UHD, Google Chrome - XE340XDA-KS1BR";R$ 2.495,99
66;Notebook Gamer Lenovo Gaming 3i Intel Core i7-10750H, 8GB RAM, SSD 512GB, GeForce GTX 1650, 15.6 Full HD, Linux, Chameleon Blue - 82CGS00200;R$ 5.599,99
67;Notebook Samsung Intel Core i5-1135G7, 8GB RAM, SSD 256GB, 15.6 Full HD, Windows 11 Home, Cinza - NP550XDA-KH2BR;R$ 3.349,99
68;Notebook Samsung Book, Intel Core i5-1135G7, 8GB RAM, SSD 256GB, 15.6 Full HD, GeForce MX450, Windows 11, Branco Puro - NP550XDA-XH1BR;R$ 3.999,99
69;Notebook Acer Intel Core i5, 8GB, 512GB SSD, Tela 15.6 Full HD, Intel Iris Xe, Windows 11, Aspire 3, Prata;R$ 3.749,00
70;Notebook Gamer Acer Nitro 5, Intel Core i5, 8GB RAM, NVIDIA GTX 1650 4GB, 512GB SSD, 15.6 Full HD, Linux;R$ 4.699,00
71;Notebook Lenovo IdeaPad 3i Intel Core i7 12GB;R$ 3.999,00
72;Notebook Gamer Acer Nitro 5 Intel Core i5 11400H, 8GB RAM DDR4, 512 GB, Tela 15.6 Full HD, NVIDIA GeForce GTX 3050 com 4GB, Win 11 Home, Preto;R$ 5.699,00
73;Notebook Vaio FE15 Intel Core i5-10210U, 8GB RAM, SSD 256GB, 15.6 Full HD, Windows 11, Cinza Grafite - VJFE54F11X-B0111H;R$ 3.299,99
74;Notebook Lenovo Ultrafino Ideapad 3 R7-5700u 8GB, 512GB SSD, Full hd 15.6 Polegadas, Integradaamd Radeon™ Graphics, Windows 11, Cinza - 82mf0008br;R$ 3.607,12
75;Notebook Lenovo IdeaPad 3i, Intel Celeron N4020 Dual Core, 4GB, SSD 128GB, Windows 11, 15.6, Prata - 82BU0006BR;R$ 1.899,00
76;"Notebook Asus Intel Celeron 15.6"", 128GB SSD, 4GB Mem, Windows 11 Pro";R$ 2.222,60
77;Notebook Lenovo Ideapad 3I, I5-1135G7, 8GB RAM, SSD 256GB, Tela 15.6 Full HD, Intel Iris XE, Linux - 82MDS00500;R$ 2.991,12
78;Notebook Dell I15-i1100 Intel I5 1135g7, 8GB RAM, SSD 256GB, 15.6 Full HD, Windows 11, Preto;R$ 4.853,49
79;Notebook Lenovo Ideapad, Gaming 3 R7-5800h, 16GB, 512GB, SSD Pcie Rtx 3060, 6GB, 15.6'' FHD, Linux - 82mjs00100;R$ 6.335,12
80;"Notebook Lenovo Ideapad 3i Celeron, 15.6"", 4GB, 128GB SSD, Windows 11, Prata -  82bu0008br";R$ 1.829,23
81;"Notebook Lenovo Ideapad 3i 15ITL, I3 1115G4, 4GB, 256GB, 15.6"", Windows 11 - 82md000abr";R$ 2.549,00
82;Notebook Gamer Acer Nitro 5 An515-44-r4ka Amd Ryzen 7 Windows 11 Home 8gb 512gb Ssd Gtx 1650 15.6´;R$ 5.604,05
83;Notebook Gamer Lenovo Ideapad Gaming 3I, I5-11300H, 8GB RAM, GTX 1650 4GB, SSD 512GB, Tela 15 Full HD, Windows 11 - 3I 82MG0009BR;R$ 4.499,10
84;Notebook Samsung Book, Intel Core i7-1165G7,RAM 8GB, 256GB SSD, 15.6 Full HD, Intel Iris Xe, Windows 11 Home, Cinza - NP550XDA-KU1BR;R$ 5.699,99
85;Notebook Acer, Aspire 5, A514-54-397j, Intel Core I3,  11 Gen, Windows 11, Home 8GB, 256GB, SDD 14 Polegadas Full HD;R$ 2.849,05
86;"Notebook Gamer Acer Nitro 5 Intel Core I5 8GB Gtx 1650, 512gb Ssd 17.3"" W11 Home Preto - An517-54-55t5";R$ 5.034,05
87;Notebook Vaio Fe15 FHD I5-10210u, 8GB RAM, SSD 512GB, 15.6 LED Full HD, Win 11 Home, Chumbo Escuro - Vjfe52f11x-b2291h;R$ 3.399,10
88;Notebook LG Gram Intel Core i5-1035G7, 8GB, 256GB SSD, 17 IPS Full HD, Windows 10 Home, Titanio - 17Z90N-VBJ51P2;R$ 5.299,99
89;Notebook Gamer Lenovo Legion 5 AMD Ryzen 7-5800H, 16GB RAM, SSD 512GB, GeForce RTX 3050, 15.6 Full HD, Windows 11,  Phantom Blue - 82QJ0000BR;R$ 7.999,99
90;"Notebook Lenovo Ultrafino Ideapad 3 R5-5500u, 8GB, 256GB SSD, Linux 15.6"", Cinza - 82mfs00100";R$ 2.718,90
91;Notebook Gamer Acer Nitro,  I7-11800H, 8GB RAM, Geforce GTX1650, SSD 512GB, Windows 11 - An515-57-740k;R$ 7.454,44
92;Notebook Lenovo V14, i5-1135G7 8GB 256GB SSD, 14 Polegadas FHD (1366x768) antirreflexo, Linux, Preto - 82NMS00100;R$ 2.903,12
93;Notebook Compaq Presario 434, Intel Core I3, Windows 10 Home, 4GB, 1TB, 14'' - Cinza;R$ 1.889,00
94;Notebook Acer Aspire 5 Intel Core i3-10110U, 4GB RAM, SSD 256GB NVMe, 15.6 Full HD Ultrafino, Windows 10 Home, Prata - A515-54-34LD;R$ 3.047,99
95;Notebook Lenovo V15 G1 IML Intel Core i3-10110U, 4GB RAM, HDD 500GB, 15.6' Antireflexo, Intel UHD Graphics, FreeDos, Cinza Ferro - 82NQ0007BR;R$ 2.417,99
96;Notebook Acer Aspire 5 Intel Core i5-10210U, 4GB RAM, SSD 256GB NVMe, 15.6 Full HD, UHD Graphics, Endless, Prata - A515-54-5526;R$ 3.499,99
97;Notebook Acer Aspire 5 Intel Core i3-1005G1, 4GB RAM, SSD 128GB NVMe, 14 HD Ultrafino, UHD Graphics, Windows 10 Home, Prata - A514-53-31PN;R$ 2.627,99
98;Notebook Lenovo 100E Celeron, 4GB, 64GB SSD, Windows 10 PRO, 11.6 Polegadas, Antirreflexo, Preto - 81M8S01500;R$ 1.803,10
99;Notebook Lenovo V14, I7-1165G7, 8GB RAM, SSD 512GB, 14 Full HD, NVIDIA GeForce MX350, Windows 11 Pro, Preto - 82NM000RBR;R$ 5.279,12
100;Notebook, Samsung, Book Np550 Celeron, 4GB, 500GB, Linux, Cinza;R$ 1.888,00
101;Notebook Samsung Book, Intel Core I3-1115G4, 4GB RAM, SSD 256GB, 15.6 Full HD, Windows 11 Home, Cinza Chumbo - NP550XDA-KV3BR;R$ 2.599,00
102;Notebook Lenovo Ultrafino Ideapad Core I3 10110u, 4GB DDR4, SSD 256GB, Tela 15.6, Linux, Prata - 82BSS00100;R$ 2.650,22
103;Notebook Acer Aspire 3 Intel Core i3 1005G1, 8GB RAM, 256GB SSD, 15.6 LED HD, Windows 11, Cinza - A315-56-39UP;R$ 2.949,00
104;Notebook Lenovo IdeaPad 3I, I3-1115G4, 4GB RAM, SSD 128GB, Tela 15.6 Full HD, Windows 11 - 82MD000FBR;R$ 2.375,12
105;Notebook Gamer Acer Nitro 5 An517-54-56q0 Ci5, 8 GB RAM DDR4, Gtx 1650, 1TB HDD, 256GB SSD, Tela 17.3 Polegadas, Full HD, Windows 11 Home, Preto;R$ 5.129,05
106;Notebook Positivo Motion Q4128C, Intel Atom Quad-Core, Windows 10 Home, 14'' - Dourado;R$ 1.199,00
107;Notebook HP Compaq Presario 427 Intel Pentium N3700, 4GB RAM, SSD 240GB, 14 Polegadas LED HD TN, Intel HD Graphics, Linux, Cinza;R$ 1.299,00
108;"Notebook Gamer Legion 5 R7-5800H, 16GB, 512GB SSD, RTX3050, 4GB, 15.6"" Full HD WVA, Windows 11, Shadow Black - 82qj0000br";R$ 6.749,10
109;Notebook Lenovo, Ideapad Gaming 3i, I7-11370h, 16GB, 512GB, Ssd Rtx 3050 4GB 15.6'', FHD Wva W11 - 82mg0003br;R$ 6.335,12
110;Notebook Lenovo, Ideapad Gaming 3i I5-11300h, 8GB, 512GB, SSD Rtx 3050, 4GB, 15.6'' FHD, Wva, Linux - 82mgs00300;R$ 4.839,12
111;"Notebook Positivo Motion Intel Atom - 4GB, 128GB eMMC, 14.1"" LED,  Windows 10";R$ 1.299,00
112;Notebook Dell 15 Vostro 3510, Intel Core I5-1135G7, 8GB RAM, SSD 256GB, Windows 10 Pro, Cinza - 210-Bcdk-Nbv34;R$ 4.699,00
113;"Chromebook Samsung Intel Celeron N4020, 4GB RAM, 32GB e.MMC, 11,6"" HD Antirreflexo, Intel UHD, Google Chrome - XE310XBA-KT3BR";R$ 1.734,99
114;Notebook Lenovo ThinkPad E14 Intel Core i5-1135G7, 8GB RAM, SSD 256GB, 14 Full HD, Iris Xe, Windows 11 Pro, Preto - 20TB002HBO;R$ 5.599,99
115;Notebook Vaio FE14 Intel Core i3-1215U, 4GB RAM, SSD 256GB, 14 Full HD, Windows 11, Cinza Grafite - VJFE44F11X-B0721H;R$ 2.942,99
116;Notebook Gamer Dell G15 Intel Core i5-12500H, 8GB RAM, GeForce RTX3050, SSD 512GB, 15.6 Full HD, Windows 11, Preto - G15-i1200-A20P;R$ 7.099,99
117;Notebook Compaq Presario 433, Intel Core I3, Linux, 4GB, 1TB, 14'' - Cinza;R$ 2.459,00
118;Notebook Gamer Acer Nitro 5 AMD Ryzen 7-4800H, GeForce GTX 1650, 8GB RAM, SSD 512GB, 15.6' Full HD IPS 144Hz, Win11 - AN515-44-R4KA;R$ 5.999,99
119;Notebook Gamer Acer Nitro 5 AMD Ryzen 7-4800H, 8GB RAM, SSD 512GB, GeForce GTX 1650, 15.6 Full HD, Linux, Preto - AN515-44-R11B;R$ 5.499,99
120;Notebook Samsung Galaxy Book S, Intel Core I5, RAM 8GB, SSD 256GB, 13.3pol, Intel UHD Graphics G7, Windows 11 Home, Cinza - NP767XCM-K03BR;R$ 6.246,45
121;Notebook Asus, Intel Celeron, RAM 4GB, 128GB, Tela 15.6 HD, Intel UHD Graphics 600, Windows 11 PRO, Azul - E510MA-BR701X;R$ 1.999,00
122;Notebook Acer Aspire 5, Intel Core I7, Memória RAM 8GB, SSD 512GB, 14 Polegadas Full HD, Intel Iris XE Graphics, Windows 11 Home - A514-54-789C;R$ 5.999,00
123;Notebook Lenovo IdeaPad 3 Ryzen 5-5500u 8GB, SSD 256GB, 15.6 polegadas Full HD Antirreflexo, Integrada AMD Radeon Graphics, Windows 11, Prata - 82MF0003BR;R$ 3.111,77
124;Notebook Acer Aspire 5 A515-45-r4zf AMD  Ryzen 7 Linux Gutta 8GB 256GB SDD 15,6 Polegadas Full HD;R$ 4.399,00
125;Notebook Lenovo V14 Intel Core i5-1135g7, 8GB RAM, 256GB SSD, Tela 14 polegadas FHD, Windows 11 Home - 82nm0012br Preto;R$ 3.167,12
126;Notebook Acer Aspire 5 A515-54-505q, Intel Core I5 10a Gen, 8GB RAM, 256 GB SSD, Tela 15.6 Full HD, Windows 11 Home, Preto;R$ 4.099,99
127;Notebook Avell A70 HYB, Intel Core I7, 16GB RAM, SSD 500GB, Tela 15.6 HD, GeForce RTX 3060, Windows 11;R$ 10.599,00
128;Notebook Compaq Pressario 431 I3-6157u 4gb 128gb Ssd 14  Shell Efi;R$ 2.407,68
129;"Notebook Lenovo Ultrafino Ideapad 3 R7-5700U, 8GB, 256GB SSD, Linux, 15.6"", Cinza - 82MFS00200";R$ 3.255,12
130;"Notebook Acer Aspire 5 Intel Core i5 11a Geração 1135G7 4.20Ghz 8GB DDR4 Gráficos Intel Iris X 512GB SSD NVMe 15.6"" Full HD Windows 11 A515-56-57LB";R$ 4.041,00
131;Notebook Lenovo Ultrafino IdeaPad 3 Ryzen 5-5500U, 8GB RAM, SSD 256GB, Tela 15.6 Full HD, Windows 11, Prata - 82MF0003BR;R$ 3.499,99
132;Notebook Gamer Asus TUF F15 Intel Core i5-11400H, GeForce RTX 3050, 8GB RAM, SSD 512GB, 15.6, Windows 11, Cinza - FX506HC-HN353W;R$ 7.399,99
133;Notebook Samsung Galaxy Book2 Intel Core i5-1235U, 8GB RAM, SSD 512GB, 15.6 Full HD, Iris Xe Graphic, Windows 11, Grafite - NP550XED-KF3BR;R$ 5.599,99
134;Notebook Dell XPS 13 Plus Ultraportátil Intel Core i7-1260P EVO, 16GB RAM, SSD 1TB, 13.4 Full HD, Iris Xe, Windows 11, Cinza Grafite - X13-i1200-A10;R$ 10.999,99
135;Notebook Asus AMD Ryzen 7-3700U, 8GB RAM, SSD 256GB, 15.6 Full HD, Windows 11, Cinza - M515DA-BR1454W;R$ 4.399,99
136;Notebook Acer Aspire 5 Intel Core i5-1035G1, 4GB RAM, SSD 256GB NVMe, 14 HD Ultrafino, UHD Graphics, Windows 10 Home, Prata - A514-53-5239;R$ 3.199,99
137;Notebook Samsung Chromebook, Intel Celeron N4020, 4GB, 32GB, 11.6 Polegadas HD LED - XE310XBA-KT3BR;R$ 1.827,00
138;Notebook Lenovo Ultrafino Ideapad Ryzen 5-5500U, 8GB, 256GB SSD, 15.6 Full HD, Linux, Cinza - 82MFS00100;R$ 3.299,99
139;Notebook Lenovo IdeaPad 3i Intel Core i7-1165G7, 8GB RAM, 256GB SSD, 15.6 Full HD, Windows 11, Cinza - 82MD0008BR;R$ 4.399,99
140;Notebook Acer Aspire 5 Ryzen 7-5700U, 8GB RAM, SSD 256 NVMe, 15.6 Full HD, AMD Radion Graphic RX640, Windows 11, Prata - A515-45G-R3BM;R$ 4.999,99
141;Notebook HP Intel Core i5-1035G1, 8GB RAM, 256GB SSD, 15.6, Windows 11 Pro, Preto - 640Z5LA;R$ 3.999,99
142;"Notebook Asus X543ma Intel Celeron Dual Core N4020 4gb Ram Hd 500gb Tela 15.60"" Windows 10 Home - X543ma-dm1317t";R$ 2.060,46
143;Notebook Lenovo Ideapad 3i I5-1135g7 8GB, 256GB, SSD W11 15.6Polegadas- 82-md000jbr;R$ 3.167,12
144;"Notebook Lenovo Ultrafino Ideapad 3i, I3-10110u, 4GB, 128GB SSD, Linux, 15.6"", Prata - 82bss00000";R$ 3.034,49
145;Notebook Gamer Asus Zephyrus 16, Intel 12ª Geração I9-12900h, 16GB, RTX 3070 TI, SSD 1TB NVME, 16 Pol. WQXGA, Windows 10 Home, Black;R$ 18.300,00
146;Notebook Gamer Acer Nitro 5 An517-54-70y7 Intel Core I7 Linux Gutta 8GB 512GB SSD Rtx 3050 17.3 Polegadas FHD;R$ 6.599,00
147;Notebook Vaio Fe15 AMD Ryzen 7-5700U, 16GB RAM, SSD 512GB, 15.6 Full HD, Windows 11 Home - Prata Titânio;R$ 4.499,00
148;Notebook Asus  Intel I7 1165g7, 20GB RAM, SSD 1TB, 15.6 Polegada LED, Intel Iris Xe, Windows 11, Preto;R$ 6.306,99
149;"Notebook Compaq Presario 430, Intel Core I3-6157U, 4GB, 120GB, W10, 14.1""";R$ 1.845,00
150;Notebook Compaq Presario 420, Intel Pentium N3700, Windows 10, Home 4GB, 120GB SSD, 14'' - Cinza;R$ 1.429,00
151;Notebook Multi Pc312 Legacy, Intel Quad 4GB 64GB 14.1 Pol. HD, Windows 10, Cinza + Microsoft 365 Personal Com 1TB;R$ 1.599,90
152;Notebook Samsung Book Intel Core I3-1115g4, Windows 11 Home, 4Gb, 1tb, 15.6 Full Hd Led Cinza Chumbo;R$ 3.153,49
153;Notebook Samsung Book Intel Core, Windows 11 Home, 8GB, 256GB SSD, Intel Iris Xe, 15.6'' Cinza Chumbo - I7-1165g7;R$ 5.822,49
154;"Notebook Samsung Book 15.6"" Full Hd Intel Dual Core 4gb Ddr4 500gb Windows 11 Cinza Np550xda-kp1br";R$ 1.755,00
155;Notebook Lenovo V14 I7-1165g7 Intel Core i7 11ª Geração 8GB RAM 512GB SSD, 14 Polegadas Full HD, W11 Home, Nvidia Geforce Mx350, 82nm000pbr Preto;R$ 4.927,12
156;"Notebook Gamer Acer Nitro 5 Intel Core I7 8GB Gtx 1650, 512gb Ssd 17.3"" Windows 11 Home - An517-54-76eg";R$ 6.570,94
157;Notebook Samsung Book 15.6 FHD Intel Celeron 6305, 256GB RAM, SSD 4GB, Windows 11 Home, Cinza Chumbo - Np550xda-kp3br;R$ 2.099,00
158;Notebook Asus, Intel Core I5 1035g1 8GB, 512GB SSD, Tela De 15.6'',Cinza - X515JA-EJ1791W;R$ 3.418,10
159;Notebook Lenovo Ideapad 3I, I3-1115G4, 4GB RAM, SSD 128GB, 15.6 Full HD, Linux - 82MDS00600;R$ 2.199,12
160;Notebook Acer Aspire 5 15,6 Fhd I5-1135g7 256gb Ssd 8gb Nvidia Mx350 2gb Windows 11 Prata A515-56g-519a - Nx.ah4al.00a;R$ 4.249,99
161;"Notebook Asus, Intel Celeron Dual Core, 4gb, 128gb, Tela De 15,6"", Preto - E510ma-br702x.";R$ 1.812,20
162;"Notebook Gamer Legion 5i I7-11800H, 16GB, 512GB SSD, RTX 3060 6GB, W11, 15.6"" Full HD WVA - 82MH0000BR";R$ 8.729,10
163;"Notebook Samsung Book Intel I7-1165g7, Ram 8GB, SSD 256GB, 15.6"", Full HD, Intel Iris Xe, Windows 10 Home, Cinza - NP550XDA-KS1BR";R$ 6.623,80
164;Notebook Gamer Lenovo 3I, Intel I7 10750H, 32GB RAM, SSD 512GB, 15.6 Full HD, GeForce GTX 1650, Linux;R$ 9.086,49
165;Notebook Asus X513ea, Intel Core I7 1165G7, 12GB RAM, SSD 500GB, Intel Iris XE, Tela 15.6, Windows 11;R$ 5.660,99
166;Notebook Ideapad Gaming 3i I5-11300h 8GB 512GB SSD Rtx 3050 4GB 15.6 Polegadas FHD-Wva W11 82mg0008br;R$ 5.191,12
167;Notebook Positivo Motion Q4128c Intel Atom Quad-core 4 GB RAM, 14.1 Polegadas, Windows 10 Home, Vermelho - Inclui Microsoft 365;R$ 1.189,00
168;"Notebook Lenovo Ultrafino Ideapad 3i, Intel Core I5-10210U, 8GB, SSD 256GB, Tela 15.6"", Windows 10, Prata - 82BS0005BR";R$ 3.799,00
169;Notebook Asus Intel Celeron Dual Core N4020, 4GB RAM, 128GB, Tela 15.6, Windows 11 Pro, Blue - E510MA-BR701X;R$ 1.996,99
170;Notebook Samsung Galaxy Book S, Intel Core i5-L16G7, 8GB RAM, SSD 256GB, 13.3 Full HD, Windows 11 - NP767XCM-K03BR;R$ 6.699,99
171;Notebook Asus Vivobook 15 AMD Ryzen 5-4600H, 8GB RAM, SSD 256GB, 15.6 Full HD, Windows 11, Prata Metálico - M1502IA-EJ251W;R$ 3.399,99
172;Notebook Ultra Ub532 - Tela 14, Intel I5, Ram 8GB, Ssd 240GB, Windows 10 - Prata;R$ 3.343,89
173;"Notebook Compaq Presario 420 Intel Pentium-n3700, 4Gb RAM, 120GB SSD, Windows 10, 14.1"" - Cinza";R$ 2.371,49
174;Notebook Gigabyte AERO 15 OLED - NVIDIA® Studio GeForce RTX 3060, Intel Core i7-11800H, 16GB, SSD 512GB, 15.6 OLED 4K, Win 10 Pro - KD-72BR623SP;R$ 13.999,99
175;Asus Zephyrus 16, Intel, 12ª Geração, I9-12900h, Rtx 3070ti, Tela 16 Polegadas, Wqxga, Ssd 2TB, Nvme Ram 16GB;R$ 19.900,00
176;Notebook Acer Aspire Vero Intel Core i5-1155G7, 8GB RAM, SSD 512GB, 15,6 Full HD, Windows 11 Home, Cinza - AV15-51-58ZM;R$ 3.699,99
177;Notebook Gamer Lenovo Ideapad Gaming 3 AMD Ryzen 7-5800H, 8GB RAM, GTX 1650 4GB, 256GB SSD, 15.6 Full HD, Linux, Preto - 82MJS00400;R$ 4.999,99
178;Notebook Lenovo ThinkPad E14 AMD Ryzen 5-5500U, 8GB RAM, SSD 256GB, 14 Full HD, Windows 11 Pro, Preto - 20YD0016BO;R$ 5.199,99
179;"Notebook Samsung Galaxy Book Pro 360, Intel Evo Core I7, 16GB HD, 512GB SSD, 13.3"", Full HD, Intel Iris Xe, Windows 11 Home, Mystic Navy - np930qdb-ku1br";R$ 9.991,91
180;Notebook Asus Intel Core i3 1005G1, 4GB RAM, 256GB SSD, Tela 15.6, Windows 11 Home, Cinza - X515JA-BR2750W;R$ 2.999,99
181;Notebook Samsung Galaxy Book2 360 Intel Core i5-1235U, 8GB RAM, SSD 256GB, 13.3 FHD AMOLED, Iris Xe, Touch, Windows 11, Prata - NP730QED-KF4BR;R$ 6.739,99
182;Notebook Asus Intel Core i5-1035G1, 8GB RAM, SSD 256GB, 15.6 Full HD, Endless SO, Cinza - X515JA-EJ1792;R$ 2.899,99
183;"Macbook Air 2020 M1, Tela 13.3"" Retina, 8gb Ram, 256gb SSD - Mgn93ll Prata";R$ 8.824,51
184;"Notebook Samsung Galaxy Book Pro I7  11 Ger, 16GB RAM, 1TB SSD M.2, 15"" Full HD, Intel Iris Xe, Windows 10, Mystic Silver - Np950xdb-ks1br";R$ 10.999,90
185;Notebook Positivo Motion C4500e, Intel Celeron Dual-core, Windows 10 Home, 14'' - Dourado;R$ 1.259,00
186;Notebook Positivo Motion Q4128C Intel Atom Quad-Core, Memória RAM 4GB, SSD 128GB, Tela de 14.1 Polegadas Led HD, Windows 10 Home, Cinza;R$ 2.499,00
187;"Notebook Intel Atom Quad Core 4GB Ram 128GB Emmc Positivo Motion Q4128c-s 14"" Windows 10 Home Cinza";R$ 1.410,00
188;"Notebook Acer Aspire 5, AMD Ryzen 7, 8GB, 256GB SSD, 15.6"" Full HD, Windows 11 Home - A515-45-R760";R$ 4.999,00
189;"Notebook Asus X515ea-ej1320t Intel Core I3 1115g4, 4GB, 256GB SSD, Tela De 15.6"", Cinza";R$ 3.082,37
190;Notebook Lenovo V14, Intel Core I5-1135g7, RAM 8GB, SSD 256GB, 14 polegadas Full HD, Placa de Vídeo Integrada, Windows 11 Pro, Preto;R$ 3.519,12
191;"Notebook Acer Aspire A515-54-76na - Tela 15.6"" Full HD, Intel I7 10510u, RAM 8GB, SSD 512GB, Linux";R$ 4.192,20
192;"Notebook Lenovo V15 I5-1135g7, 8GB, SSD 256GB, 15.6"" Full HD, W11 Pro 82me000ebr - Preto";R$ 4.135,12
193;Notebook Lenovo V15, Intel Core I3, RAM 4GB, 500GB, 15.6pol. Antirreflexo, Intel UHD Graphics, Windows 10 Pro, Cinza - 82nq0000br;R$ 6.589,99
194;"Notebook Acer Aspire 5 Intel Core i5 10A 10210U 4.20Ghz, 8GB RAM, SSD 256GB, Tela 15.6"" Full HD, Placa de vídeo Geforce MX 250 2GB GDDR5, Windows 11, Prata - A515-54G-55HW";R$ 3.771,00
195;Notebook Positivo Motion Gray 14 HD Intel Celeron N4020, 120GB, SSD 4GB, Win 11 Home, Cinza - C4120F-S;R$ 1.699,00
196;"Notebook Gamer 2am E550, Nvidia Geforce Gtx 1050, 3GB  - Windows 10 Home Core I7-9700, 8GB, 1TB, SSD 128GB Full HD 15.6""";R$ 4.119,00
197;"Notebook Asus Intel Celeron, 4GB RAM, 500GB HD, Tela 15.6"", Windows 10 Home - X543MA-GQ1300T";R$ 2.349,00
198;Notebook Lenovo V14, I3-1115G4, 8GB RAM, SSD 256GB, Tela 14 HD, Windows 11 PRO, Preto - 82NM000YBR;R$ 3.079,12
199;Notebook Lenovo Ideapad 3I, Celeron N4020, 4GB RAM, SSD 128GB, 15.6 HD, Linux, Prata;R$ 1.999,00
200;Notebook Lenovo Ideapad 3I, I7-1165G7, 8GB RAM, SSD 256GB, Tela 15.6 Full HD, Intel Iris XE, Linux - 82MDS00400;R$ 4.099,00
201;Notebook Samsung Galaxy Book2 360, Intel Core I5, RAM 8GB, SSD 512GB, 13.3pol. FHD, Windows 11 Home, Prata - np730qed-kf3bro;R$ 5.399,00
202;"Macbook Air M2 8gb Ram 512gb Ssd De 13.6"" Com Tela Retina Mlxx3 - Space Gray";R$ 11.449,53
203;"Chromebook Lenovo 100e com Processador Intel Celeron N4020 2.8GHz, 4GB de Ram, SSD 32GB, Tela de 11.6"" LED HD, Sistema Operacional Chrome OS, Preto";R$ 3.499,00
204;Notebook Samsung Galaxy Book Go, Snapdragon 7c Gen 2, RAM 4GB, SSD 128GB, FHD 14pol., Qualcomm Adreno, Windows 11 Professional - NP340XLA-K05BR;R$ 1.979,10
205;"Notebook Gamer Acer Nitro 5 Intel Core I7 8GB Gtx 1650, 1tb Hdd 256gb Ssd, 17.3"" Windows 11 Home - An517-54-72a6";R$ 6.174,05
206;Notebook Acer Aspire 3 Intel Core i5, 8GB RAM, 256GB SSD, Tela 15.6 Full, Intel Iris Xe, Windows 11, Prata;R$ 3.799,00
207;Notebook Samsung Galaxy Book Go, Snapdragon 7C, 4GB, SSD UFS 128GB, Tela 14 Full HD LED, Windows 10 Home, Prata - Np340xla-k02br;R$ 4.289,99
208;"Notebook Positivo Duo Intel, 4GB, SSD 64GB, 2 em 1, 2.4GHz, 12"", Full HD, Cinza";R$ 1.383,00
209;"Notebook Dell Inspiron i15-3501 - i7 1165G7, 16GB, SSD 500GB, Intel Iris Xe, Tela 15.6"", Windows 10";R$ 6.672,49
210;Notebook Vaio Fe15 Core I3, RAM 4GB, SSD 256GB, 15.6 Polegadas HD, Windows 11 Home - Chumbo Escuro - Vjfe52f11x-b5121h;R$ 2.322,00
211;"Notebook Asus Intel Core I3, 4GB, 256GB SSD, Tela 15.6"", Windons 11 - X515ja-br2750w";R$ 2.598,90
212;Notebook Multi Ultra, Intel Celeron, RAM 4GB, SSD 120GB,  15.6pol. FHD, Intel UHD Graphics 600, Windows 10, Prata - Ub220;R$ 1.613,22
213;Notebook Acer Aspire 5 A514-54g-707x Intel Core I7 Windows 11 Home 8gb 512gb Sdd Mx350 14´ Full Hd;R$ 4.749,05
214;Notebook Acer Aspire 5 A515-56-55ld Intel Core I5 11ª Gen Windows 11 Home 8gb 256gb Sdd 15,6´ Fhd;R$ 3.411,00
215;Notebook HP 250 G8 I3-1005g1, 128GB, SSD 4GB, Tela 15.6 polegadas HD, Windows 10 Pro, Prata - 4n0z7laak4;R$ 2.699,10
216;Notebook Positivo Motion Gray C4500ei Intel® Celeron® Dual-core™ Linux 14.1 Polegadas - Cinza;R$ 2.199,00
217;Notebook Ultra Ub530, Windows 10 Home, Intel Core I5, 8GB RAM, 480GB SSD, 14.1 Pol. Hd, Prata;R$ 2.599,00
218;Macbook Pro Apple 13.3, M2, 8GB RAM, 256GB SSD - Cinza-espacial;R$ 11.499,00
219;Notebook Gamer Gigabyte Aorus 15 XE4, Intel 12ª Geração I7-12700H, 16GB, RTX 3070 TI, SSD 1TB NVME, 15 Pol. QHD, Windows 10 Home, Black;R$ 19.300,00
220;Notebook Ultra Intel Celeron, 4GB RAM, 120GB SSD, 1TB, Tela 14 Full HD, Windows 11 Home;R$ 1.599,00
221;Notebook Lenovo Ideapad Gaming 3 R7-5800h AMD Ryzen 7 5800h, 16GB RAM, SSD 512GB, 15.6 Polegadas Full HD, Pcie Rtx 3060 6GB,Windows 11 Home - 82mj0003br;R$ 6.863,12
222;Asus Rog Flow Z13  Intel 12ª Geração I9-12900h Rtx 3050 Ti Tela 13Polegadas Wuxga SSD 1TB Nvme RAM 16GB;R$ 20.200,00
223;Notebook Legacy Cloud Win 10 Home Intel Quadcore 4GB 64GB 14,1 Pol. HD, Vermelho + Microsoft 365 Personal Com 1TB Na Nuvem - Pc138;R$ 1.492,30
224;Notebook Ideapad Gaming 3i I5-11300h, 16GB, 512GB SSD, RTX 3050 4GB, 15.6 FHD Wva, Linux - 82mgs00400;R$ 5.279,12
225;Notebook Lenovo Thinkpad E14, I5-1135G7, 8GB RAM, SSD 256GB, Intel Iris XE, Windows 11 Home, Preto - 20TB0023BO;R$ 6.199,00
226;"Notebook Acer Aspire 5 A514-54-56HA, Intel Core I5 11a Geração, 8GB, 512GB SSD, 14"" Full HD, Intel Iris XE Graphics, Windows 11 Home";R$ 4.306,85
227;Notebook Lenovo Ultrafino Ideapad 3i, I5-10210u, 8 GB, 256 GB SSD, Windows 11, 15.6'', Prata - 82bs000gbr;R$ 3.599,00
228;"Notebook Lenovo Ideapad 3i I3-1115g4 4GB, 256GB SSD, Intel UHD, Graphics Linux, 15.6""";R$ 3.120,00
229;Notebook Ultra Win 10 Intel Pentium N3700 4GB RAM 120GB SSD 14.1Pol. Preto - UB326;R$ 1.849,33
230;Notebook Asus Intel Core i3 1005G1, 4GB RAM, 256GB SSD, Tela 15.6, Endless OS, Cinza - X515JA-BR2750;R$ 2.499,99
231;Notebook Ultra Core i5-5257U, 8GB RAM, HD 1TB, 14.1 HD, Windows 10 Home, Prata - UB531;R$ 2.899,99
232;"Notebook Acer Aspire Nitro 5, Intel Core I7 10750h, 8Gb, 512Gb Ssd, 15.6"", Gtx 1660ti, Preto E Vermelho - An515-55-705u";R$ 8.999,00
233;Notebook Ub431 14.1 Polegadas Intel Core I3 7020u 1 Tb Multi;R$ 2.333,03
234;Notebook Samsung Book, Intel Core I3, 8GB RAM, SSD 256GB, Windows 11 Home, Cinza Chumbo;R$ 4.090,00
235;Notebook Multi M11W Prime 2 em 1, Intel Celeron, 4GB RAM, SSD 64GB, 11.6 HD, Windows 11 Home, Prata - PC280;R$ 2.431,64
236;Notebook Ultra, Com Windows 11 Home, Intel Celeron, 4gb Ram 500gb Hdd, 14,1 Pol. Hd + Tecla Netflix Preto - Ub232;R$ 1.647,81
237;Notebook Positivo Motion Gray, Atom Qc Z8350, RAM 4GB, 64GB, 14.1pol, Intel Graphics, Windows 10 Home, Cinza - Q464C-O;R$ 1.579,90
238;Notebook Acer,  A314-35-c7e8, Celeron 4GB, 128 W11h - Nx.awbal.008;R$ 1.799,10
239;"Notebook Positivo Motion Red Q464c-o, Intel Atom Quad Core, Windows 10, 14.1"", Vermelho, Inclui Microsoft 365";R$ 1.109,00
240;Notebook Samsung Book, Intel Core i3-1115G4, 8GB RAM, SSD 256GB, 15.6 Full HD, Windows 11, Cinza Chumbo - NP550XDA-KV4BR;R$ 3.979,99
241;Notebook Lenovo Ideapad S145 - Tela 15.6 Full Hd, Intel I7 1065g7, 32gb, Ssd 1tb, Linux;R$ 7.513,99
242;Notebook Lenovo V14, I3-1115G4, 4GB RAM, SSD 128GB, Tela 14 HD, Windows 11 Home, Preto - 82NM000XBR;R$ 2.551,12
243;Notebook Ideapad Gaming 3i, I5-10300h, 8GB, 256GB SSD, GTX 1650 4GB, 15.6'' FHD Wva, Linux - 82cgs00100;R$ 5.299,00
244;Notebook Lenovo Ideapad 3i Celeron, 4GB RAM, 128GB SSD, 15.6 polegadas, Linux - 82bus00100;R$ 1.799,10
245;Notebook, Asus X543ua-gq3430t, Tela 15.6, Intel I3, Ram 4Gb, Ssd 256Gb, Windows 10, Cinza;R$ 2.699,00
246;"Notebook Dell, Tela 15.6"", Intel I7 1165g7, 16gb, Ssd 1tb, Intel Iris Xe Graphics, Windows - I15-3501";R$ 6.910,49
247;Notebook Lenovo V14, I3-1115G7, 8GB RAM, SSD 256GB, 14 HD, Linux, Preto - 82NMS00000;R$ 2.595,12
248;Notebook Positivo Duo 2 Em 1, Intel Celeron Dual Core, Memória RAM 4GB, 128GB, Tela 11.6 Full HD Touchscreen, Windows 11 Home, Cinza - C4128A;R$ 1.999,00
249;Usado: Notebook Lenovo B40-80f3, Intel Core I5-4200u, 8gb, 256gb Ssd, Windows 10 Pro;R$ 2.770,00
250;Notebook Positivo Duo C464d, Intel Celeron Dual Core, Windows 11, Home, 11'' -  Cinza;R$ 1.999,00
251;Notebook Samsung Book , I5, 8GB, 256GB SSD, Windows 10 Home, Cinza Chumbo, Np550xda-kf2br.;R$ 9.999,00
252;Notebook Acer Aspire 5 A515-45g-r46x, AMD Ryzen 7, Windows 11, Home 8GB, 512GB SSD, RX 640, 15.6'' Full HD;R$ 4.581,49
253;Notebook Vaio Intel Core i5 8GB 512GB SSD 15,6”;R$ 3.499,00
254;Notebook Multi Ultra, Intel Core I3, RAM 4GB, SSD 120GB, 14pol. HD, Intel HD Graphics 620, Windows 10 Home, Prata - Ub430;R$ 2.456,49
255;Apple Macbook Air 13,6” M2 8GB RAM;R$ 11.499,00
256;Notebook Multi Legacy Cloud, 64GB, 2GB RAM, 14 Polegadas Polegadas HD, Win10 Home - Pc134;R$ 1.499,00
257;Notebook Lenovo Ideapad 3i, Intel Core I3-10110u, 4GB RAM, 256GB SSD, Windows 10, 15.6'' 82bss006br Prata;R$ 3.199,00
258;Notebook Acer Aspire 5 Intel Core I5 8gb 512gb Ssd Windows 11 15,6” Prata;R$ 3.771,00
259;Notebook Compaq Presario Cq-29 Intel I5 5257u, 8GB RAM DDR3, SSD 480GB, Tela 15.6 Full HD, Windows 10 Home, Preto;R$ 3.499,00
260;Notebook Samsung Book Dual Core 6305, Memoria 16GB HD, SSD 240GB, Tela 15.6 Polegadas, Windows 10;R$ 3.410,50
261;Notebook Ultra, Intel Pentium, 4GB RAM, 500GB HDD, Windows 10 Home, 14,1 Pol. HD, Preto - UB322;R$ 1.936,90
262;"Notebook Acer A315-34-c9wh Celeron N4020 4gb 128gb Ssd 15.6"" Win11 Home - Nx.hrnal.005";R$ 2.499,90
263;Notebook Compaq Presario 454 Intel Core I5, 8GB RAM, 240GB SSD, Tela 14 LED HD, Widescreen, Linux, Cinza;R$ 2.399,00
264;Notebook Compaq Presario 452, Intel Core I5, 8GB, 1TB, 14 Polegadas LED HD, Linux, Cinza;R$ 2.520,00
265;Notebook Multi 2 Em 1 Pc302 ,Intel Pentium 2.4ghz, 4gb ,64gb Ssd, Windows 10, Tela 11.6;R$ 2.150,00
266;"Notebook 2 Em 1 Positivo DUO, Intel Celeron 4GB, 64GB eMMC, Touch Screen 11.6"" Full HD, Windows 11";R$ 1.499,00
267;"Notebook Intel Celeron N4020 4Gb, Ram 500Gb, HDD Ultra Ub234, Tela 14.1"" Linux - Preto";R$ 1.610,16
268;Notebook Gamer Lenovo - Full Hd - I7 10750h, 8gb, Ssd 512gb, Geforce Gtx 1650, Linux - 82cgs00200;R$ 8.967,49
269;Notebook Vaio Fe14 - Tela 14 Full Hd, Intel I3 1005g1, 8gb, Ssd 128gb, Windows 10 Pro;R$ 4.377,49
270;Notebook Acer Aspire A515 - I5, 20GB, SSD 256GB, Tela 15,6 Polegadas Full HD, Geforce Mx350, Silver, Win 11;R$ 4.768,49
271;Notebook Acer Aspire A515 - I5, 32GB, Ssd 1TB, Tela 15,6 Polegadas Full HD, Geforce Mx350, Silver, Win 11;R$ 6.544,99
272;Notebook Lenovo Ideapad 3i - Tela 15.6, Intel I3 10110u, RAM 8GB, SSD 128GB, Windows 10 Pro;R$ 3.680,49
273;Notebook Acer Predator Triton Intel Core i7, RAM 16GB, RTX 3060, SSD 512GB, 16 Polegadas -  Windows 11 Home;R$ 10.354,05
274;Macbook Air 2022 M2 8GB RAM 256GB SSD Apple M2 10-core Gpu Cinza Espacial;R$ 8.699,00
275;Notebook Lenovo Thinkpad T14 I7-1270p 8GB RAM, SSD 256GB, 14 Polegadas, Intel Iris xe, Windows 11 Pro, Wuxga -21aj0019bo;R$ 9.539,10
276;Macbook Air 2022, Apple, Chip M2 8c, CPU 10c Gpu 8GB, 512GB - Prateado;R$ 11.399,99
277;Notebook Asus Ryzen 5 3500u, 8gb, 256gb Ssd, 15.6, Win 10, Cinza;R$ 3.413,26
278;Notebook Vaio fe15 AMD Ryzen 5-5500U, 8GB RAM, SSD 128GB, 15.6 Polegadas Full HD, Windows 11 Home - Prata Titânio;R$ 4.299,00
279;USADO: Notebook Gamer Acer Nitro 5 An515-55-51d3, Intel Core I5-10300h, 8GB RAM, GTX 1650, SSD 512GB, Tela 15.6 Polegadas, Windows 10 - Ouro;R$ 4.894,00
280;Notebook Acer Aspire 3 A315-58-573p - Intel I5 1135g7, 20GB RAM, SSD 1TB, 15,6 Polegadas Full Hd, Windows 11, Prata;R$ 6.187,99
281;Notebook Dell I15-3501-n46p I5-1135u 8gb Ssd  256gb 15,6 W10 Preto;R$ 4.999,00
282;"Macbook Pro TouchBar M1, 8GB, 256GB SSD, Tela 13.3"", Space Gray, 2020 - Myd82ll/a";R$ 9.404,99
283;Notebook Multi 14 Legacy Book, Intel Cereron 64gb, Wind 10 Preto - Pc260;R$ 1.649,00
284;Macbook Apple Air, M1, 8GB RAM, SSD 256GB, 13 Polegadas, Prata;R$ 9.676,34
285;Notebook Acer Nitro 5, Intel Core I5, 8GB RAM, NVIDIA GTX 1650, HD 256GB, SSD 1TB, 15.6 Full HD, Windows 11, Preto e Vermelho - AN515-55-58UJ;R$ 6.605,34
286;"Notebook Samsung Galaxy Book2 Intel Core I5-1235u, Windows 11 Home, 8GB, 512GB SSD, 15.6"" Full HD LED - Grafite";R$ 5.248,95
287;Notebook Lenovo Ideapad 3i Core I3 10110u 4gb Ddr4 Ssd 256gb Win 11 Home Tela 15.6'' - 82bs000jbr;R$ 2.832,20
288;Mac Mini Apple Intel Core i5, 8GB RAM, 512GB SSD, Wi-Fi e Bluetooth 5.0, Bivolt, Cinza-espacial;R$ 7.999,00
289;Notebook Samsung - I3 1115g4, 12Gb, Ssd 256Gb + HD 1TB, Intel Graphics Xe, Full Hd - Np550xda;R$ 4.003,49
290;Notebook Samsung Book 15.6 Fhd Intel Celeron 6305 128gb Ssd 4gb Windows 11 Pro Cinza Chumbo - Np550xda-kp7br;R$ 2.939,00
291;Notebook Lenovo Thinkpad E14, Ryzen 5 5500u, RAM 8GB, SSD 256GB, 14pol. FHD Antirreflexo, Placa de Vídeo Integrado, Windows 11 Pro, Preto - 20yd0019bo;R$ 5.015,12
292;Chromebook Lenovo 100e Gen 3 Amd 3015c3 4gb 32gb Emmc Google Chrome 11.6  Antirreflexo 82j80001br Preto;R$ 1.799,10
293;Notebook Dell Inspiron, I15-I1100, Intel I7 1165G7, 32GB, SSD 500GB, Tela HD 15.6, GeForce MX330, Linux, Preto;R$ 7.029,49
294;Notebook Vaio Fe14  Intel Core I5 Windows 11 Home 8gb 256gb Ssd Full Hd  - Cinza Escuro;R$ 4.499,00
295;"Notebook 2 Em 1 Acer Spin 3 Touch, Caneta Sp314-55n-53eu, I5 12ª Gen, Windows 11 Home 8GB, 512GB SSD, 14""";R$ 7.199,00
296;Notebook Acer Aspire 3, Intel Core I3-1005G1, Memória RAM 8GB, SSD 512GB NVMe, Tela 15.6 HD, Intel UHD Graphics, Windows 11, Cinza - A315-56-33QA;R$ 4.265,46
297;Notebook Positivo Motion, Intel Atom Quad Core Z8350, RAM 4GB, SSD 64GB, 14pol. 1366x768, Intel Graphics, Windows 10, Vermelho - Q4128C;R$ 1.316,52
298;Notebook Vaio Fe15 Intel Core I7 Windows 11 Home 8gb 5256gb Full Hd - Cinza Grafite;R$ 5.999,00
299;Notebook Asus Intel Core I3 4gb Ssd 256gb Tela 15.6 Endless OS - X515ea-ej1320;R$ 2.589,80
300;Notebook Samsung Book E20 Intel Celeron 6305, 4GB, 500GB, Intel UHD, Tela 15.6, Windows 10 Home, Cinza Chumbo - NP550XDA-KO1BR;R$ 3.699,99
301;Notebook Samsung Chromebook, Intel Celeron, 8GB RAM, 64GB, 14 Full HD, Chrome Os, Prata;R$ 2.440,90
302;Notebook Asus M515da-br1213 AMD Ryzen 5, 8GB, 256GB SSD M.2 Nvme, Tela 15.6 polegadas, Sistema Endless Os;R$ 2.718,90
303;Notebook, VAIO, FE14, Intel Core i5, Windows 11 Home, 8GB, 256GB SSD, Full HD - Cinza Escuro;R$ 3.999,90
304;Notebook Gamer Acer Nitro 5 Ryzen 7, 4800h, DDR4 8GB, SSD 256GB, HD 1TB, Gtx1650;R$ 5.607,27
305;Notebook Multi Legacy Cloud, 14 Polegadas, 32GB, 2GB RAM, Win10 - PC131;R$ 1.289,11
306;"Macbook Pro 14"", M1 Pro 10core, SSD 1TB, 16GB, Cinza Espacial (mkgq3)";R$ 17.099,99
307;"Notebook Lenovo V14 I5-1135g7 16gb 256gb Ssd W11 Pro Mx 350 2gb 14"" Fhd 82nm0015br Preto";R$ 4.047,12
308;Notebook Multi Ultra Tela 14 Polegadas, Intel Pentium 2.6ghz, 4GB RAM, 120GB SSD, Windows 10 Preto;R$ 1.699,00
309;"Notebook Positivo Motion 14"" HD, Intel I3-7020U, 1TB, 4GB, Linux, Cinza Escuro";R$ 2.447,11
310;Notebook HP, Intel Core I5, 8GB, 256GB SSD, 15,6 Polegadas HD Windows 11;R$ 4.489,00
311;Notebook HP, Hpcm 250 G8 I5-1035g1, 8GB, 256GB, W10p - 3g5a2la#ak4;R$ 4.273,00
312;Notebook Gamer Acer Intel Core I7, 16GB RAM, SSD 512GB, 17.3 Polegada Full HD, Windows 11 home;R$ 7.760,49
313;Notebook Acer Aspire 5 Intel Core I5-10210u, 8GB RAM, SSD 512 Nvme, 15.6 polegadas Full HD IPS, Intel UHD Graphics, Windows 11, Prata - A515-54-58z4;R$ 3.861,00
314;Notebook Gamer Dell Alienware M15 R6 I1100, Intel Core I7, 32GB RAM, SSD 1TB, 15.6 Full HD 165hz, RTX3070, Windows 11;R$ 17.441,99
315;Notebook Samsung  I7 1165g7, 16gb, Ssd 500gb, Intel Graphics Xe, Full Hd, Windows 11  Np550xda;R$ 6.544,99
316;Notebook Gamer Acer An515 - Tela 15.6 Ips Full Hd, I5 10300h, 16gb, Ssd 512gb, Gtx 1650, Windows 11;R$ 7.513,99
317;Notebook Samsung  I7 1165g7, 32gb, Ssd 1tb, Intel Graphics Xe, Full Hd, Windows 11 Np550xda;R$ 7.641,49
318;Notebook Samsung  I7 1165g7, 16gb, Ssd 256gb, Intel Graphics Xe, Full Hd, Windows 11  Np550xda;R$ 6.187,99
319;"Notebook Lenovo S145, Tela 15.6"", Ryzen 5, 8GB, SSD 256GB, Radeon RX Vega 8, Windows 10 - 81v70008br";R$ 3.999,00
320;"Notebook Lenovo Ideapad Gaming 3 R7-5800h, 8GB RAM, 256GB SSD Pcie, Gtx 1650 4GB, Tela 15.6"" FHD, Win 11 - 82mj0001br";R$ 4.999,00
321;HP Zbook Fury  G9, Intel 12ª Geração I9-12950HX, 64GB RAM, RTX A4500, SSD 4TB NVME, Tela 16 Polegadas FHD, Windows 11 PRO, Silver;R$ 51.500,00
322;Notebook Lenovo 300E Gen 2, Celeron, 4GB RAM, 64GB, 11.6 LED HD, Windows 10 Pro, Multitouch - 81M9S02H00;R$ 2.999,90
323;"Notebook Acer Aspire 5 10210U, 4GB, 256GB SSD, 15.6"", Windows 10, Prata - A515-54-579S";R$ 3.999,00
324;Notebook Positivo Motion C41tei, Intel Celeron Dual-core, Linux, 14'' - Dourado;R$ 2.199,00
325;Notebook Gamer Acer Nitro 5 An517-54-79wa Intel Core I7 Linux Gutta 8GB 512GB SSD Gtx 1650 17.3 Polegadas  FHD;R$ 6.299,00
326;Notebook Dell Intel I5 1135G7, Memória RAM 16GB, SSD 500GB, Tela 15.6'' Full Hd, Windows 11, Intel Iris Xe - I15-i1100;R$ 5.941,49
327;Notebook Acer Aspire 5 A514-54-324N Intel Core I3  11ª Gen Linux Gutta 4GB 256GB SDD 14 Polegadas Full HD;R$ 2.564,05
328;Notebook Samsung Galaxy Book S, Intel Core I5, Memória RAM 8GB, SSD 256GB, 13.3'' Full HD LED, Intel UHD Graphics, Windows 11 Home, Earthy Gold;R$ 6.311,49
329;Notebook Acer Swift 3, Intel Core i5, 8GB, 1TB SSD, Tela 14 Full HD, Windows 11 - SF314-511-561N;R$ 5.199,00
330;Notebook Lenovo Ultrafino Ideapad 3i, I5-1135G7, 8GB, SSD 256GB, Intel Iris, Tela 15.6, Windows 11, Prata - 82md0007br;R$ 3.398,90
331;Notebook Gamer Acer Nitro 5 AMD Ryzen 7, RAM 8GB, SSD 512GB, RTX 3050,  Windows 11 Home, 15.6 Polegadas, Preto;R$ 6.999,00
332;Notebook Samsung Book E35, Intel I3 1115g4, 4GB RAM, 1TB, Tela 15.6 Full HD, Windows 10, Cinza - Np550xda-kt1br;R$ 3.999,90
333;Notebook Acer A315-56-3478, I3, 4GB, 256GB, Tela 15.6, Windows 11 - NX.HV1AL.00M;R$ 2.718,90
334;Notebook X513ea-ej3010w Intel Core I7 8gb 256 Gb Ssd Tela 15.6 Fhd Windows 11 Asus;R$ 4.691,00
335;Notebook Positivo Motion Gray C4500f Intel® Celeron® Dual-core™ Windows 11 Home 14.1 Polegadas - Cinza;R$ 2.399,00
336;"Notebook Positivo Motion Grey 14.1"", HD Celeron, N4020, 128GB, 4GB, Linux, Q464c";R$ 1.459,80
337;Asus Zenbook Space Edition · Intel 12ª Geração I9-12900h Iris Xe Tela 14Polegadas Oled SSD 4TB Nvme RAM 32GB;R$ 27.300,00
338;Notebook Samsung Book 15.6 Fhd Intel I3-1115g4 256gb Ssd 4gb Linux - Np550xdz-kv6br;R$ 3.051,00
339;Notebook Legacy Cloud Win10 Home Intel Quad 4GB 64GB 14,1 Pol. HD Cinza + Microsoft 365 Personal Com 1TB Na Nuvem - Pc137;R$ 1.303,00
340;Notebook Asus Vivobook 15 Intel Core I7, 8GB, SSD 256GB, Tela 15.6 Full HD LED, Linux, Preto;R$ 6.229,00
341;"Tela  17.3""  Slim  Fhd  N173hhe-g32 -  40  Pinos  Marca Fti";R$ 1.109,99
342;"Notebook Acer Aspire 5, Intel Core I5 - 1035G1, 4GB RAM, 256GB SSD, Windows 10, Tela 14""  - A514-53-5239";R$ 4.161,00
343;Notebook Gamer Acer Predator Ph315, I7 11800h, 64GB RAM, Geforce Rtx 3070, SSD 2TB, Tela 15.6 Full HD, Windows 11;R$ 17.084,99
344;Notebook Samsung Np550xda-ks1br, Intel I7 1165G7, 16GB, SSD 256GB, Full HD (1920x1080), Intel Iris Xe, Windows;R$ 6.187,99
345;Workstation Lenovo P15 Thinkpad  I7 10750h 16gb 512gb Nvidia Quadro T1000 4gb 15.6 Fhd 300 Nits;R$ 11.999,00
346;"Notebook Samsung Galaxy Book2 360 Intel Core I5-1235u, Windows 11 Home, 16GB, 1TB SSD, 13.3"" Full HD - Grafite";R$ 9.391,99
347;"Notebook Samsung Book Intel 1.8GHz, 4GB, 128GB SSD, Tela 15.6"" FHD, Windows 10 Pro, NP550XDA-KO7";R$ 2.945,00
348;Notebook Lenovo Ultrafino Ideapad S145, Dual Core N4000, Memória 4GB, SSD 240GB, Windows 10;R$ 2.899,00
349;Notebook Asus Vivobook Pro 15, Core I5 11300H, 8GB, SSD 512GB, Tela 15.6 Full HD, NVIDIA GTX 1650 Max, Windows 11, Prata Metálico - K3500PH-KJ378W;R$ 9.829,90
350;Notebook Asus Intel Celeron Dual Core N4020, 4GB RAM, 128GB, Tela 15.6, Windows 11 Pro, Rose Gold - E510MA-BR703X;R$ 2.499,99
351;"Notebook Positivo Q464C Motion, Intel Atom Quad-Core 1.9GHz, 4GB RAM, 64GB SSD + 64GB em Nuvem, Tela 14.1"" LED, Windows 10 Home, Cinza";R$ 1.599,90
352;Notebook Acer Aspire 5 A514-54g-59ru, Intel Core I5, 11 Gen, Windows 11, Home Mx350 8GB 512GB SSD 14 Polegadas;R$ 5.499,00
353;MSI Ge67 Raider, Intel 12ª Geração I9-12900HX, 64GB RAM, RTX 3080TI, SSD 4TB NVME, Tela 15 Polegadas QHD 3K Oled, Windows 11 PRO, Black;R$ 46.600,00
354;"Notebook Dell Inspiron 15 3000, Intel Core I3, 10ª Geração, 8GB DDR4, 256GB SSD, 15.6"", Windows 10";R$ 3.499,00
355;HP Envy 15 X360 · Intel 12ª Geração I7-1255u Iris Xe Tela 15Polegadas Full HD SSD 512GB Nvme RAM 16GB;R$ 11.800,00
356;Notebook Asus Zenbook Intel Core i7-1260P, 16GB RAM, SSD 1TB, 14 2K QHD OLED, Windows 11, Azul Escuro - UX3402ZA-KM532W;R$ 9.399,99
357;Notebook Acer ASPIRE 3, Intel Celeron N4000, 4GB RAM, 1TB HD, 15.6'', Endless OS - A315-34-C6ZS;R$ 2.259,00
358;Notebook Lenovo Ultrafino IdeaPad 3i Intel Core i5-10210U, 8GB, SSD 256GB, Windows 11, 15.6, Prata - 82BS000GBR;R$ 4.299,99
359;"Notebook Lenovo V15, Intel Core i5-1135g7, 16GB RAM, SSD 256GB, 15.6"", Nvidia GeForce Mx350 2GB GDDR5, Windows 11 Pro - 82ME000QBR";R$ 4.679,10
360;Notebook Asus Zenbook DUO EVO Intel Core I7 1195G7, 16GB RAM, 512GB, 14 Touch, Windows 11 Home, Azul Celestial - UX482EAR-HY438W;R$ 10.899,99
361;Notebook Gamer Acer Nitro 5 An515-55-59t4 Intel Core I5-10300h 8gb 512gb Tela De 15,6 Polegadas Windows 11 Home 64-bits;R$ 7.999,00
362;Notebook Vivobook Celeron Windows 10 4gb/500gb 15,6 Polegadas Asus;R$ 2.573,97
363;Notebook Gamer Msi Gs66, Intel 12ª Geração I9-12900h, 32GB, RTX 3070 TI, SSD 1TB NVME, 15 Pol. FHD, Windows 10 Home, Black;R$ 27.900,00
364;Notebook Lenovo V15 Iml I3-10110u 4GB 256 Ssd Windows 11 Pro 82nq000qbr Cinza;R$ 3.499,00
365;Note Sam Np550xda-kf6br Ci5;R$ 8.855,99
366;Notebook Intel Core I5, Tela 15.6” Full HD Ips, 4GB, 120 SSD E Windows 10 - Everex;R$ 3.059,11
367;Asus Zephyrus 16  Intel 12ª Geração I9-12900h Rtx 3080ti Tela 16Polegadas Wqxga SSD 4TB Nvme RAM 32GB;R$ 39.200,00
368;Ultrabook Hp Spectre 16 Intel 12ª Geração I7-12700h, 16GB RAM, Iris Xe, SSD 4TB Nvme, Tela 16 Polegadas UHD 3K, Windows 11, Black;R$ 17.200,00
369;Msi Ge67 Raider Intel 12ª Geração I7-12800hx Rtx 3070ti Tela 15Polegadas QHD 3k Oled SSD 1TB Nvme RAM 32GB;R$ 24.600,00
370;Msi Summit 16 Flip, Intel 12ª Geração, I7-1260p, Rtx 3050 Ti, Tela 16 Polegadas, QHD Ssd 2TB, Nvme Ram 32GB;R$ 26.900,00
371;Msi Summit 14 Flip, Intel 12ª Geração, I7-1260p, Iris Xe Tela 14 Polegadas, QHD, Ssd 4TB, Nvme Ram 32GB;R$ 24.000,00
372;HP Zbook Power G9  Intel 12ª Geração I7-12700h Rtx A2000 Tela 15Polegadas Full HD SSD 2TB Nvme RAM 32GB;R$ 34.800,00
373;Ultrabook Samsung Galaxy Book2 360 · Intel 12a Geração I7-1255u, 16GB, SSD 1TB NVME, Iris Xe, Tela 13 Polegadas, Windows 11 home, Graphite;R$ 10.700,00
374;Notebooks Razer Blade 15,  Intel 12ª Geração, I9-12900h, Rtx 3070ti, Tela 15 Polegadas, QHD, Ssd 1TB, Nvme Ram 16GB;R$ 36.400,00
375;Notebook Asus Zenbook Duo 14  Intel 12ª Geração I9-12900hk, 32GB RAM, SSD 4TB, 14 Polegadas OLED 3K, RTX 3050ti, Windows 11 Home, Black;R$ 31.500,00
376;Notebook Gamer Msi Gs66 Intel 12ª Geração I9-12900h, 32GB RAM, RTX 3070ti, SSD 2TB Nvme, Tela 15 Polegadas FHD, Windows 11 Home, Black;R$ 29.500,00
377;Notebook Vaio Fe14 Intel® Core™ I3-10110u Windows 11 Home;R$ 3.099,90
378;Asus Zephyrus Duo 16  AMD 6ª Geração Ryzen·9 6900hx Rtx 3070ti Tela 16Polegadas QHD 3k SSD 2TB Nvme RAM 32GB;R$ 41.400,00
379;Ultrabook Samsung Galaxy Book2 360 · Intel 12ª Geração I7-1255u, 16GB, SSD 2TB Nvme, Iris Xe, Tela 13 Polegadas, Windows 11 home, Graphite;R$ 11.500,00
380;Notebook HP Zbook Studio G9 · Intel 12a Geração I7-12800h, 64GB, SSD 4TB Nvme, RTX A2000, Tela 15 Polegadas UHD 4K, Windows 11 pro, Silver;R$ 39.600,00
381;Ultrabook Samsung Galaxy Book2 360 · Intel 12a Geração I7-1255u, 16GB, SSD 1TB NVME, Iris Xe, Tela 13 Polegadas, Windows 11 home, Graphite;R$ 10.700,00
382;Notebook Gamer Msi Stealth 15m  Intel 12ª Geração I7-1260p, 16GB RAM, RTX 3060, SSD 512GB Nvme, Tela 15 Polegadas FHD, Windows 10 Home, Black;R$ 17.100,00
383;Asus Zenbook Duo 14  Intel 12ª Geração I9-12900hk Rtx 3050ti Tela 14Polegadas Oled 3k SSD 2TB Nvme RAM 32GB;R$ 29.400,00
384;Notebook Asus Zenbook Pro 15 Flip, Intel 12a Geração I7-12700h, 16GB RAM, SSD 2TB Nvme, Tela 15 Polegadas Oled 3K, Arc A370m, Windows 10, Gray;R$ 17.700,00
385;Notebook Tectoy 14” 128GB SSD 4GB RAM Windows 11;R$ 1.699,90
386;"Notebook Dell, Intel Core i3 1115g4, 4GB RAM, SSD 128GB, Tela 15.6"" Full HD, Windows 11 - I15-i1100";R$ 3.884,49
387;Notebook Gamer Lenovo Ideapad Gaming 3i - Intel I5, 16GB RAM, RTX 3050, SSD 512GB, 15.6 Polegadas Full HD, Linux, Shadow Black - 82mgs00300;R$ 7.275,99
388;HP Zbook Studio G9 Intel 12ª Geração I7-12800h Rtx A1000 Tela 15Polegadas UHD 4k SSD 4TB Nvme RAM 64GB;R$ 37.500,00
389;HP Zbook Power G9 · Intel 12ª Geração I7-12700h Rtx A2000 Tela 15Polegadas FHD SSD 512GB Nvme RAM 32GB;R$ 33.200,00
390;Notebook Gamer Msi Gs66 Intel 12ª Geração I9-12900h, 32GB RAM, RTX 3070ti, SSD 2TB Nvme, Tela 15 Polegadas FHD, Windows 11 Home, Black;R$ 29.500,00
391;Notebooks Razer Blade 15,  Intel 12ª Geração, I9-12900h, Rtx 3070ti, Tela 15 Polegadas, QHD, Ssd 1TB, Nvme Ram 16GB;R$ 36.400,00
392;Ultrabook Hp Spectre 16 Intel 12ª Geração I7-12700h, 16GB RAM, Iris Xe, SSD 4TB Nvme, Tela 16 Polegadas UHD 3K, Windows 11, Black;R$ 17.200,00
393;Msi Ge67 Raider Intel 12ª Geração I7-12800hx Rtx 3070ti Tela 15Polegadas QHD 3k Oled SSD 1TB Nvme RAM 32GB;R$ 24.600,00
394;Notebook Asus Zenbook Duo 14  Intel 12ª Geração I9-12900hk, 32GB RAM, SSD 4TB, 14 Polegadas OLED 3K, RTX 3050ti, Windows 11 Home, Black;R$ 31.500,00
395;HP Zbook Power G9  Intel 12ª Geração I7-12700h Rtx A2000 Tela 15Polegadas Full HD SSD 2TB Nvme RAM 32GB;R$ 34.800,00
396;Msi Summit 14 Flip, Intel 12ª Geração, I7-1260p, Iris Xe Tela 14 Polegadas, QHD, Ssd 4TB, Nvme Ram 32GB;R$ 24.000,00
397;Asus Zephyrus 16  Intel 12ª Geração I9-12900h Rtx 3080ti Tela 16Polegadas Wqxga SSD 4TB Nvme RAM 32GB;R$ 39.200,00
398;Msi Summit 16 Flip, Intel 12ª Geração, I7-1260p, Rtx 3050 Ti, Tela 16 Polegadas, QHD Ssd 2TB, Nvme Ram 32GB;R$ 26.900,00
399;Msi Ge66  Intel 12ª Geração I9-12900hk Rtx 3080ti Tela 15Polegadas UHD 4k SSD 1TB Nvme RAM 32GB;R$ 43.900,00
400;Asus Zenbook Q529 Intel 12ª Geração I7-12700h Iris Xe Tela 15Polegadas UHD 3k SSD 512GB Nvme RAM 16GB;R$ 13.900,00
401;HP Zbook Fury  G9  Intel 12ª Geração I9-12950hx Rtx A4000 Tela 16Polegadas Full HD SSD 4TB Nvme RAM 64GB;R$ 57.900,00
402;Notebook Asus Zenbook Pro 15 Flip Intel 12ª Geração I7-12700h, RAM 16GB, SSD 1TB, 15 Polegadas Oled 3K, ARC A370m, Windows 10 Home, Gray;R$ 16.100,00
403;Notebook Asus Zenbook Duo 14 Intel 12a Geração I9-12900hk, 32GB RAM, SSD 1TB Nvme, Tela 14 Polegadas Oled 3K, RTX 3050ti, Windows 11, Black;R$ 27.800,00
404;Notebook Acer Swift3 Ultrafino Intel Core I5, RAM 8GB, SSD 512GB, 14 Polegadas Oled - Windows 11 Home;R$ 7.999,00
405;Notebook Acer Aspire 3 Intel Core I3 11ª Gen, RAM 4GB, SSD 512GB, 15.6 Polegadas Full HD - Windows 11 Home;R$ 3.899,00
406;Notebook Dell I15-i1100, Intel I3 1115g4, RAM 8GB, SSD 500GB, Tela 15.6 Full HD, Windows 11;R$ 4.946,99
407;Notebook Acer Swift 3 AMD Ryzen 7, 16GB, SSD 512GB, Tela 14 Full HD, Windows 11 Home - Sf314-44-r5hj;R$ 8.299,00
408;Notebook Lenovo Ideapad 3i Intel I3 1115g4, 4GB RAM, SSD 128GB, 15.6 Polegadas Full HD, Linux, Prata -  82mds00600;R$ 3.034,49
409;"Notebook Dell Inspiron i15-5570-B40C, Intel Core I7, 8GB, 2TB, LED 15.6"" Full HD, Radeon 4GB, Windows 10";R$ 4.959,00
410;Notebook Acer Swift 3 Sf314-512t-54mj I5 12ª Gen Windows 11 Home 8GB 512GB SSD 14Polegadas FHD Touchscreen;R$ 6.999,00
411;Notebook Lenovo Thinkpad E14 Gen 3 Ryzen 7, RAM 16GB, SSD 512GB, 14 Polegadas Full HD - Windows 10 Pro;R$ 5.559,00
412;Notebook Acer Swift Ultrafino Intel Evo I5, RAM 8GB, SSD 512, 14 Polegadas Full HD - Windows 10 Home;R$ 6.899,00
413;"Notebook Hp Victus 15,  Intel 12ª Geração I7-12700h, Rtx 3050ti, RAM 16GB, SSD 512GB NVME, Tela 15"" Polegadas FHD";R$ 11.800,00
414;HP Envy 17  Intel 12ª Geração I7-1260p Iris Xe Tela 17Polegadas Full HD SSD 4TB Nvme RAM 64GB;R$ 19.400,00
415;Ultrabook Samsung Galaxy Pro 360  Intel 12ª Geração I7-1260p, 16GB RAM, Iris Xe, SSD 2TB Nvme, Tela 15 Polegadas Amoled, Windows 10 Home, Silver;R$ 20.400,00
416;Notebook Vaio Fe15, Intel Core I3-10110u, Windows 11 Home, Chumbo Escuro;R$ 4.954,90
417;Notebook Asus Zephyrus G15 AMD 6a Geração Ryzen·9 6900hs, 16GB RAM, SSD 2TB Nvme, Tela 15 Polegadas QHD, RTX 3060, Windows 11, Black;R$ 22.200,00
418;Notebook Acer Aspire 3 Intel Core I5, RAM 8GB, SSD 256GB, 15.6 Polegadas Full HD - Windows 11 Pro + Brinde Office 365;R$ 4.077,00
419;"Notebook Asus VivoBook Intel Celeron Dual-Core, 4GB, 500GB, 15.6"" LED, Windows 10 - X543NA-GQ342T";R$ 2.499,00
420;Notebook HP 256G8, Core I3-1005G1, 4GB RAM, SSD 128GB, 15.6 HD LED, Windows 11 Home;R$ 3.810,00
421;Notebook Lenovo V14 AMD R5 5625u, 8GB RAM, 256GB SSD, Windows 11 Pro, Tela 14 FHD - 82un000GBr;R$ 4.047,12
422;Notebook Positivo Motion C41tei, Tela De 14.1'' Linux, 4gb Ram, Cinza;R$ 2.199,00
423;Notebook Lenovo I5-10210u 8gb 256gb Mx330 2gb Windows 11;R$ 4.273,10
424;Notebook Positivo Motion Gray C4500g-15  Intel® Celeron® Dual Core Windows 11 Home 15.6'' - Cinza;R$ 2.299,00
425;Dockstation Lenovo TP Pro Dock ,3x USB 3.1, 2x USB 2.0, 1x USB-C, 2x DP 1.4, Lan Gigabit, Porta Áudio, Bivolt, Preto - 40ah0135br;R$ 1.709,10
426;Notebook Lenovo V15 I5-1235u, 8GB RAM, 256GB SSD, Windows 11 Pro, Tela 15 FHD, Preto - 82um0000br;R$ 5.039,10
427;Notebook Acer Vero I5-1155G7, 8GB, SSD 512GB, Tela 15.6, Windows 11 Home, Sustentável PCR Reciclado - Av15-51-58zm;R$ 4.036,55
428;Notebook Lenovo Ideapad 3i Intel Celeron N4020, Memoria 4GB, HD 500GB Tela 15,6 Polegadas, HD Sistema Linux;R$ 2.263,00
429;Notebook Acer A315, Intel Core I5-1035G1, 4GB RAM, SSD 256GB, 15.6 LED HD, Endless;R$ 3.450,00
430;Notebook Gamer Predator Triton 300 Se, I7 12ª Geração, 32GB, RTX 3070 TI, SSD 1TB, Windows 11 Home - Pt316-51s-737e;R$ 18.999,00
431;Notebook Lenovo V15 G2 Itl, Core I7-1165g7, 256GB, Tela 15.6 Full HD, Tela 15.6 Full HD, Windows 11 Pro;R$ 6.199,00
432;Notebook Dell Inspiron 3511 Core I3 1115g4, Memória 4GB, SSD 128GB, Tela 15,6 Polegadas, Led HD Windows 11 Home;R$ 3.263,00
433;Notebook Dell Vostro 5510 Core I7-11390h, Memoria 16GB, SSD 512GB, Mx 450 2GB Full HD 15.6 Polegadas Windows 11 Pro Outlet;R$ 6.069,00
434;Notebook Dell Vostro 3510 I5-1135g7, Memória 8GB, SSD 256GB, Tela Full HD 15,6 Polegadas Windows 11 Home Outlet;R$ 4.703,00
435;Notebook Dell Latitude Intel Core I7, RAM 16GB DDR4, Iris XE, SSD 256GB,  14 Polegadas LED, Full HD - Windows 10/11 Pro;R$ 10.499,00
436;Notebook Gamer Acer An515-45-r0m5 - Ryzen 7, 32GB, SSD 2TB, Tela 15.6 Polegadas Ips 144hz, Rtx 3050, Win 11;R$ 10.905,49
437;HP Spectre 16  Intel 12ª Geração I7-1260p Arc A370m Tela 16Polegadas UHD 4k SSD 1TB Nvme RAM 16GB;R$ 14.800,00
438;Notebook Samsung Book, Intel Core I5-1135G7, Memória RAM 8GB, SSD 256GB, 15.6'' Full HD LED, Windows 11 Home, Branco;R$ 3.633,57
439;"""USADO:Notebook Acer Aspire 3 A514-53-339s,Prata,Intel Core I3,1005g1 - RAM 8GB, SSD 512GB,Tela 14 Polegadas,Windows 10 Recer ouro""";R$ 3.079,00
440;USADO: Notebook Acer Aspire 5 A515-54-58z4, Intel Core I5-10210u, RSM 8GB, SSD 512GB, Tela 15.6Polegadas, Windows 10, Prata - Ouro Recer;R$ 3.849,00
441;Notebook Lenovo Thinkpad E14 I5-1135g7 8GB 256GB SSD Windows 11 Pro 20TB002MBo Preto;R$ 6.599,00
442;Notebook Lenovo Ideapad Gaming 3i I7-11370h, 8GB, 512GB SSD, RTX 3050 4GB, Tela 15.6 FHD Wva, Linux - 82mgs00500;R$ 5.543,12
443;Notebook Asus Zenbook Intel Core i7-1250U, 16GB RAM, SSD 1TB, 17 Full HD OLED, Windows 11, Preto - UX9702AA-MD026W;R$ 37.899,99
444;Notebook Vaio Fe15 AMD Ryzen 5-5500U, 8GB RAM, SSD 128GB, 15.6 Full HD, Windows 11 Home - Prata Titânio;R$ 4.499,00
445;Notebook Vaio Fe15 AMD Ryzen 7-5700U, 8GB RAM, SSD 128GB, 15.6 Full HD,  Windows 11 Home  - Prata Titânio;R$ 4.299,00
446;Notebook Lenovo Yoga Slim 9i 14´´ I7-1280p 16gb 512gb Ssd Placa De Vídeo Intel Iris® Xe W11 14´ 2.8k;R$ 12.319,12
447;Notebook Compaq 14.1p I3-6157u 4gb 120gbssd Linux - 3012102;R$ 2.364,52
448;Notebook Vaio FE14 VJFE43F11X-B0111H Intel Core i3;R$ 3.277,99
449;Notebook Acer Swift 3 Intel Evo i5, RAM 16GB, SSD 512GB, 14 Polegadas Full HD - Windows 11 Home;R$ 8.999,00
450;Notebook Lenovo Ideapad 3I Intel Core i3-1115g4, RAM 4GB, SSD 256GB NVMe, 15.6 polegadas Full HD, Linux, Prata - 82mds00300;R$ 2.974,99
451;Notebook Ultra, Tela 15 Full HD, Intel I5, 8GB, SSD 960GB, Windows 10 - Prata;R$ 4.224,49
452;Notebook Dell Intel I5 1135G7, Memória RAM 16GB, SSD 1TB, Tela 15.6'' Full Hd, Windows 11, Intel Iris Xe - I15-i1100;R$ 6.187,99
453;Notebook Gamer Acer Intel Core I7-11800H, 64GB, GTX 1650, SSD 1TB, Tela 17.3 IPS 144Hz, Windows 11 - An517-54-76eg;R$ 10.786,49
454;Notebook Gamer Acer An515-45-r0m5, Ryzen 7,RAM 16GB, RTX 3050, SSD 512GB, 15.6 Polegadas Full HD, Windows 11 home;R$ 8.117,49
455;Notebook Acer Aspire A515 - Intel Core I5, RAM 12GB, Geforce Mx350, SSD 256GB, 15,6 Polegadas Full HD, Silver, Windows 11;R$ 4.538,99
456;Notebook Gamer Acer An517 Intel Core I5, RAM 8GB, GTX 1650, SSD 512GB, 17.3 Polegadas Full HD, Windows 10;R$ 7.394,99
457;Notebook Asus K3500ph, Intel I5 11300h, 8GB RAM, SSD 1TB, Tela 15.6 Full HD, Geforce GTX 1650, Windows 11, Cool Silver;R$ 7.513,99
458;Notebook Vaio Fe15 AMD Ryzen 5-5500U, 8GB RAM, SSD 128GB, 15.6 Full HD, Linux - Prata Titânio;R$ 3.099,00
459;Notebook Gamer Lenovo Gaming3i, AMD Ryzent 7, Nvidia Gtx 1650, 8GB, 512GB SSD, Windows 11, Tela De 15,6 Polegadas- 82MJ0008;R$ 5.722,94
460;Notebook Dell I15-i1100 - I7 1165g7, 16GB RAM, SSD 256GB, Tela 15.6 Full HD, Intel Iris Xe, Win 10;R$ 6.672,49
461;"Notebook Lenovo Ultrafino Ideapad 3 Ryzen 7 5700u 8gb Ram Ssd 256gb Windows 11 Tela 15.6"" Prata - 82mf0004br";R$ 3.509,10
462;Notebook Vaio Fe14 Intel Core I7, 8gb, 1tb, Tela 14'' Full Hd, Windows 10 Home, Chumbo Escuro;R$ 7.299,99
463;Note Dell Lat 3410 14 I5-10210u Win 10 Pro 8gb 500gb 1 On-site;R$ 8.825,99
464;"Notebook Positivo Motion C4128e  Intel Celeron 4GB, 128GB SSD, Tela 14,1"" Windows 10, Bivolt, Cinza";R$ 3.199,99
465;Note V15 Iml I3-10110u 4gb 1tb Hd 15.6'' Win 10 Home 1 Ano Dp;R$ 5.755,99
466;Notebook Everex Intel Core I5, 4GB DDR3, Tela 15.6”, 240GB SSD E Windows 10;R$ 3.104,11
467;Notebook Intel Core I5, Tela 15.6” Full HD Ips, 8GB, 512 SSD E Windows 10 - Everex;R$ 3.329,11
468;Notebook Lenovo Ideapad 3i - Tela 15.6, Intel Celeron N4020, 8gb, Ssd 128gb, Linux;R$ 2.753,99
469;Notebook Razer Blade 15 · Intel 12a Geração I9-12900h, 32GB, SSD 2TB Nvme, RTX 3080ti, Tela 15 Polegadas UHD, Windows 11 home, Black;R$ 45.500,00
470;Notebook Asus Fx706hcb-es51 I5-11400h/8/512/rtx3050;R$ 9.800,00
471;Notebook Acer Intel Core I3 1005G1, 8GB RAM, SSD 256GB, Tela 14, Windows 10 Pro - A514-53;R$ 4.504,99
472;Notebook Asus Zenbook Pro 16  Intel 12ª Geração I9-12900hk, 32GB RAM, SSD 4TB, 16 Polegadas OLED 4K, RTX 3060, Windows 11 Pro, Black;R$ 37.000,00
473;Notebook Vaio Fe14  Intel Core I5 Windows 11 Home 8gb 128gb Full Hd - Branco;R$ 4.499,00
474;Hp Zbook Fury  G9, Intel 12ª Geração I9-12950HX, 32GB RAM, RTX A4500, SSD 1TB NVME, Tela 16 Polegadas FHD, Windows 11 PRO, Silver;R$ 45.100,00
475;Notebook Gamer Razer Blade 14  AMD 6ª Geração Ryzen-9 6900hs, 16GB RAM, RTX 3070Ti, SSD 2TB Nvme, Tela 14 Polegadas QHD, Windows 11 Home, Black;R$ 27.500,00
476;Asus Zephyrus G15 AMD 6ª Geração Ryzen·9 6900hs Rtx 3060 Tela 15Polegadas QHD SSD 512GB Nvme RAM 16GB;R$ 18.400,00
477;Notebook Gamer Razer Blade 14, AMD Ryzen 9 6900HS, 16GB, RTX 3070 TI, SSD 1TB NVME, 14 Pol. QHD, Windows 10 Home, Black;R$ 25.900,00
478;MSI Summit E13, Intel 12ª Geração I7-1260P, 32GB RAM, Iris XE, SSD 2TB NVME, Tela 14 Polegadas FHD, Windows 11 Pro, Black;R$ 18.900,00
479;Ultrabook Msi Summit 16 Flip Intel 12ª Geração I7-1260p, 32GB RAM, RTX 3050Ti, SSD 4TB Nvme, Tela 16 Polegadas QHD, Windows 11 Home, Grafite;R$ 29.000,00
480;"Ultrabook 2-in-1 Samsung Galaxy Pro 360, Intel 12ª Geração I7-1260p Iris Xe RAM 16GB, Amoled SSD 1TB NVME,  Tela 15"" Polegadas";R$ 18.800,00
481;"Notebook Acer Swiftx Sfx16-52g-5588 Evo Core I5 12gen, Wind11 Home 8GB, 512GB SSD, A370m, 16""";R$ 8.999,00
482;HP Zbook Power G9 Intel 12ª Geração I7-12700h Rtx A1000 Tela 15Polegadas Full HD SSD 2TB Nvme RAM 32GB;R$ 25.200,00
483;Notebook Intel Core I5, Tela 15.6” Full HD Ips, 4GB, 480 SSD E Windows 10 - Everex;R$ 3.194,11
484;Ultrabook Msi Summit 14 Flip Intel 12ª Geração I7-1260p, 32GB RAM, Iris Xe, SSD 1TB Nvme, Tela 14 Polegadas QHD, Windows 11 Home, Grafite;R$ 20.300,00
485;Notebook Asus Zenbook Duo 15 · Intel 12ª Geração, I7-12700h, Rtx 3060, Tela 15 Polegadas, UHD 4k, Ssd 2TB, Nvme Ram 16GB;R$ 27.300,00
486;MSI Creator Pro Z16, Intel 12ª Geração I9-12900H, 64GB RAM, RTX A5500, SSD 4TB NVME, Tela 16 Polegadas QHD, Windows 11 Pro, Gray;R$ 52.000,00
487;Notebook Gamer Gigabyte Aorus 15 XE4, Intel 12ª Geração I7-12700h, 64GB, RTX 3070 TI, SSD 8TB NVME, 15 Pol. QHD, Windows 10 Home, Black;R$ 29.500,00
488;HP Victus 15 Intel 12ª Geração I7-12700h Rtx 3050ti Tela 15Polegadas Full HD SSD 4TB Nvme RAM 64GB;R$ 18.200,00
489;Notebook Dell Latitude 3420, I5-1135g7, 8GB, 512GB, 14 Polegadas, Hd, Windows 11 Pro;R$ 5.759,04
490;Notebook Gamer Lenovo Ideapad Gaming 3i - Intel I5, 8GB RAM, RTX 3050, SSD 512GB, 15.6 Full HD, Linux, Shadow Black - 82mgs00300;R$ 6.910,49
491;HP Zbook Studio G9 Intel 12ª Geração I9-12900h Rtx A2000 Tela 15Polegadas UHD 4k SSD 4TB Nvme RAM 64GB;R$ 45.000,00
492;Ultrabook Samsung Galaxy Book2 Pro 360 Intel 12ª Geração I7-1260p, 16GB RAM, Iris Xe, SSD 2TB Nvme, Tela 15 Polegadas, Windows 11 Home, Graphite;R$ 20.400,00
493;Asus Zenbook Duo 15 · Intel 12ª Geração I9-12900h Rtx 3060 Tela 15Polegadas UHD 4k SSD 1TB Nvme RAM 32GB;R$ 31.100,00
494;Note Msi Ge66, Intel 12ª Geração I7-12700h, Rtx 3070ti, Tela 15 Polegadas, QHD Ssd 1TB, Nvme Ram 32GB;R$ 28.900,00
495;Ultrabook Samsung Galaxy Book2 360 · Intel 12ª Geração I7-1255u, 16GB, SSD 512GB Nvme, Iris Xe, Tela 13 Polegadas, Windows 11 home, Graphite;R$ 9.900,00
496;Notebooks Samsung Galaxy, Flex2  (ultrabook 2-in-1) I7-1165g7,  Tela 13 Polegadas Qled, Ssd 512GB, Nvme Ram 16GB;R$ 8.400,00
497;Ultrabook Samsung Galaxy Flex2  Intel 11ª Geração I7-1165g7, 16GB RAM, Iris Xe, SSD 1TB Nvme, Tela 13 Polegadas Qled, Windows 11 Home, Mystic Black;R$ 9.200,00
498;Notebook Gamer Hp Omen 17  Intel 12ª Geração I7-12700h, 16GB RAM, RTX 3060, SSD 512GB Nvme, Tela 17 Polegadas FHD, Windows 11 Home, Black;R$ 18.400,00
499;Notebook Gigabyte Aorus 15 Xe4 · Intel 12a Geração I7-12700h, 64GB RAM, SSD 4TB NVME, Tela 15 Polegadas QHD, RTX 3070ti, Windows 11, Black;R$ 25.700,00
500;Notebook Asus Zephyrus 16 · Intel 12ª Geração I9-12900h, Rtx 3080ti, Tela 16 Polegadas, Wqxga, Ssd 2TB, Nvme Ram 32GB;R$ 35.400,00
501;HP Zbook Power G9 Intel 12ª Geração I9-12900hk Rtx A2000 Tela 15Polegadas Full HD SSD 512GB Nvme RAM 32GB;R$ 42.900,00
502;HP Omen 17 Intel 12ª Geração I7-12700h Rtx 3060 Tela 17Polegadas Full HD SSD 2TB Nvme RAM 64GB;R$ 22.600,00
503;Msi Creator Pro Z16  Intel 12ª Geração I9-12900h Rtx A3000 Tela 16Polegadas QHD SSD 1TB Nvme RAM 32GB;R$ 36.500,00
504;Notebook Asus Zenbook Pro 16 Intel 12a Geração I9-12900hk, 32GB RAM, SSD 1TB Nvme, RTX 3060, Tela 16 Polegadas Oled 4K, Windows 11, Black;R$ 33.300,00
505;"Notebook Acer Swift 5 Sf514-56t-50wl, Intel Core I5 12ª Gen, Windows 11 Home 16GB, 512 SSD, 14"", Touch";R$ 10.999,00
506;Notebook Acer Aspire 5 Intel Core i5, RAM 8GB, MX 250 2GB, SSD 256GB, 15,6 Polegadas Full HD - Windows 11 Home;R$ 3.985,00
507;Notebook Acer Aspire 3 Intel I5 1135g7, 12GB RAM, SSD 256GB, 15,6 Polegadas Full HD, Intel iris XE, Windows 11;R$ 5.142,49
508;Notebook Intel Core I5, Tela 15.6” Full HD IPS, 4GB, 500 HD E Windows 10 - Everex;R$ 2.969,11
509;Notebook Gamer Acer, I5 10300h, Memória RAM 32GB, SSD 2TB, Tela 15.6'' IPS Full Hd, GTX 1650, Windows 11 - AN515;R$ 9.936,49
510;"Notebook Vaio Fe14 8130u Intel Core I3, 4GB, 128GB, 14"", Windows 10 Home, Cinza";R$ 3.563,18
511;Notebook Acer A314 Intel Celeron N4500, RAM 8GB, HD 500GB,  14 Polegadas Full HD - Windows 10 Home;R$ 3.017,00
512;Notebook Dell Vostro 5510 Intel Core I5, RAM 8GB, SSD 256GB, 15.6 Polegadas Full HD - Windows 11 Home;R$ 6.100,00
513;Notebook Asus X513ea - Intel I7, RAM 12GB, Intel Iris Xe, SSD 256GB, 15.6 Polegadas LED, Windows 10;R$ 5.142,49
514;Notebook Dell Vostro - Ryzen 5, RAM 8GB, AMD Radeon Vega 8, SSD 256GB, 15.6 Polegadas Full HD, Linux - Cinza;R$ 3.943,99
515;Notebook Lenovo Ideapad 3i, I3-1115g4, 4GB RAM, 256GB SSD, Intel UHD Graphics, Linux, Tela 15.6, Cinza - 82mds00300;R$ 3.699,99
516;Notebook Asus Zenbook Q529 Intel 12ª Geração I7-12700h, RAM 16GB, SSD 2TB, 15 Polegadas UHD, Iris XE, Windows 11 Home, Gray;R$ 15.500,00
517;Notebook Lenovo V14 I5-1235u, 8GB RAM, 256GB SSD, Win 11 Pro, Intel Iris Xe, Tela 14 FHD, Preto - 82ul0000br;R$ 4.575,12
518;Notebook Lenovo V14 I7-1165G7, 8GB, 256GB SSD, 14 Polegadas Full HD, GeForce MX350, W11 Home,  Preto - 82NM0016BR;R$ 4.663,12
519;Notebook Lenovo Ideapad 3i Celeron 4gb 500gb Linux 15.6´´ Prata;R$ 2.697,90
520;Notebook Asus  Intel I7 1165g7, 12GB RAM, SSD 256GB, 15.6 Polegada LED, Intel Iris Xe, Windows 11, Preto;R$ 5.261,49
521;Notebook Gamer Acer An517 Intel Core I5, RAM 16GB, GTX 1650, SSD 2TB, 17.3 Polegadas Full HD, Linux;R$ 9.086,49
522;HP Spectre 16  Intel 12ª Geração I7-1260p Arc A370m Tela 16Polegadas UHD 4k SSD 4TB Nvme RAM 16GB;R$ 17.800,00
523;Notebook Gamer Predator Triton 300 Intel Core I7, RAM 16GB, RTX 3060, SSD 1TB, 14 Polegadas - Windows 11 Home;R$ 19.999,00
524;Notebook Dell Gamer G15 - Intel I5, 8GB RAM, SSD 256GB, RTX 3050, 15,6 Polegada Full HD, Linux - Grafite;R$ 7.275,99
525;Notebook Philco Intel Core I3, RAM 4GB, HD 1TB, 15,6 Polegadas - Windows 10;R$ 4.000,00
526;Notebook Dell Vostro 3510 I5-1135g7 8GB, SSD 256GB, Tela Full HD 15,6 Polegadas, Windows 10/11 Pro  Onsite;R$ 5.415,00
527;Notebook Vaio Fe15 AMD Ryzen 3-5300U, 8GB RAM, SSD 128GB, 15.6 Full HD,  Windows 11 Home - Prata Titânio;R$ 4.299,00
528;USADO: Notebook Gamer Acer Nitro 5 An515-54-528v, Intel Core I5-9300h, 8GB RAM, GTX 1650, SSD 128GB, Tela 15.6 Polegadas, Windows 10 - Ouro;R$ 4.817,00
529;USADO: Notebook Gamer Acer Nitro 5 An517-51-55nt, Intel Core I5-9300h, 8GB RAM, GTX 1650, SSD 128GB, Tela 17.3 Polegadas, Endless Os - Ouro;R$ 5.444,00
530;USADO: Notebook Acer Nitro 5 An515-55-59t4, Intel Core I5-10300h, GTX 1650, RAM 8GB, SSD 512GB, 15.6'', Windows 11 - Ouro Recer;R$ 4.399,00
531;USADO: Notebook Gamer Acer Nitro 5 An517-52-75wh, Intel Core I7-10750h, 8GB RAM, GTX 1650, SSD 512GB, Tela 17.3 Polegadas, Windows 10 - Ouro;R$ 5.499,00
532;"""USADO:Notebook Acer Aspire 5 A514-53g-51bk,Intel Core I5,1035g1, Mx350,RAM 8GB,SSD 256GB,Tela 14Polegadas,Windows 10  Recer Ouro";R$ 3.442,00
533;Notebook Dell Intel I5 1135G7, Memória RAM 16GB, SSD 256GB, Tela 15.6'' Full Hd, Windows 11, Intel Iris Xe - I15-i1100;R$ 5.422,99
534;Notebook Lenovo Ideapad 3i Intel Core I5-1135G7, 8GB DDR4, SSD 480GB, Tela 15.6 FHD, Windows 11 Pro;R$ 4.595,00
535;Notebook Asus Intel Core i3 4GB 256GB SSD;R$ 3.049,00
536;Notebook Lenovo Ideapad 3i, Intel Core I5-10210u, 8GB, SSD 256GB, Tela 15.6 HD, Linux, Prata - 82bss00400;R$ 4.121,96
537;Notebook Lenovo Ideapad Flex 5i I7-1255u, 8GB, 256GB SSD, Intel Iris Xe, Windows 11, Tela 14 Wuxga Wva, Preto;R$ 5.219,10
538;Notebook Gamer Acer An515-45-r0m5, Ryzen 7, RAM 32GB, RTX 3050, SSD 512GB, 15.6 Polegadas Full HD, Windows 11 home;R$ 9.086,49
539;Notebook Gamer Acer An515-45-r0m5 Ryzen 7, RAM 32GB, RTX 3050, SSD 1TB, 15.6 Polegadas Full HD,  Windows 11 home;R$ 9.936,49
540;Notebook Ultra Win 10 Intel Pentium J3170, 4GB, RAM 120GB, SSD 14.1Polegadas. Preto;R$ 1.849,33
541;Notebook Samsung Intel I7, RAM 8GB, Intel Iris Xe, SSD 256GB, 15.6 Polegadas Full HD, Windows 10 Home;R$ 9.570,99
542;Notebook Vaio FE14 Intel Core i3-1215U, 4GB RAM, SSD 256GB + Cabo Adaptador de Rede USB 3.0 - RJ45 + HUB USB 2.0 F3 com 7 Portas;R$ 2.699,99
543;Notebook Lenovo Ideapad Flex 5i I7-1255u, 8GB, 256GB SSD, Intel Iris Xe, Windows 11, Tela 14 Wuxga Wva, Preto;R$ 5.219,10
544;Notebook Lenovo Ideapad 3i, Intel Core I5-10210u, 8GB, SSD 256GB, Tela 15.6 HD, Linux, Prata - 82bss00400;R$ 4.121,96
545;Notebook Asus X515ma-br765 Celeron Dual Core 4GB 256GB SSD Tela 15.6 Polegadas Endless Os;R$ 1.868,90
546;Notebook HP 256 G8 Intel Core I3, RAM 8GB, SSD 256GB, 15.6 Polegadas HD, Windows 11 Home Sl;R$ 3.091,21
547;Notebook Dell I15-i1100 - Intel I7 1165g7, 8GB RAM, SSD 256GB, Tela 15.6 Full HD, Intel Iris Xe;R$ 5.575,99
548;Notebook Positivo Motion Red Q232B Intel Quad Core;R$ 1.599,00
549;Notebook Asus Intel Core i3 4GB 256GB SSD;R$ 3.049,00
550;Notebook Samsung Np550xda-ks1br, Intel I7 1165g7, 8GB, SSD 256GB, Full Hd, Intel Iris Xe, Windows;R$ 6.910,49
551;Notebook Samsung Np550xda-ks1br, Full Hd, Intel I7 1165g7, 8GB, SSD 256GB, Intel Iris Xe, Windows;R$ 7.641,49
552;Notebook Acer Aspire 3 Intel I5 1135g7, 20GB RAM, SDD 256GB, 15,6 Polegadas Full HD, Windows 11, Prata;R$ 5.371,99
553;Notebook Dell Intel I5 1135G7, Memória RAM 32GB, SSD 1TB, Tela 15.6'' Full Hd, Windows 11, Intel Iris Xe - L15-i1100;R$ 6.672,49
554;Notebook Acer Aspire A515 - I5, 20GB, SSD 1TB, Tela 15,6 Polegadas Full HD, Geforce Mx350, Silver, Win 11;R$ 5.507,99
555;Notebook Asus X513ea - Intel I7, RAM 20GB, Intel Iris Xe, SSD 1TB, 15.6 Polegadas LED, Windows 10;R$ 6.187,99
556;Notebook Gamer Acer An515-45-r0m5 - Ryzen 7, 64GB, SSD 2TB, Tela 15.6 Polegadas Ips 144hz, Rtx 3050, Win 11;R$ 12.477,99
557;"Notebook Lenovo Ideapad 3i I5-10210u 8gb 256gb Ssd W11 15.6"" Prata";R$ 3.398,90
558;Notebook Dell, Inspiron I15-i1100 - Tela 15.6, Intel I7 1165G7, 16GB, SSD 500GB, Linux - Preto;R$ 6.672,49
559;Notebook Dell, Inspiron I15-i1100 - Tela 15.6, Intel I7 1165g7, 16GB, SSD 256GB, Linux - Preto;R$ 6.187,99
560;Notebook Samsung Np550xda-ks1br - FULL Hd, Intel I7 1165g7, 8GB RAM, SSD 256GB, Intel Iris Xe, Windows;R$ 6.910,49
561;Notebook Dell I15-i1100, I7 1165g7, RAM 16GB, SSD 500GB, Tela 15.6 FULL HD, Intel Iris Xe, Win 11;R$ 6.672,49
562;Notebook Positivo Motion Gray, Intel Celeron N4020, 4GB, 128GB EMMC, Tela 15.6 HD, Windows 11 - C4128g-15;R$ 1.499,00
563;Apple Macbook Air 13,6” M2 8GB RAM;R$ 11.999,00
564;Note Dell Lat 3410 14 I3-10110u Win 10 Pro 4gb 128ssd 1 On-site;R$ 7.229,99
565;Note Acer A515-56-327t W10h Ci3 1115g4 4gb Ram 256ssd 15.6;R$ 5.589,99
566;Note T14 Gen1 Amd Ryzen 5 Pro 4 650u 8gb 256gb Ssd Win10p 3 Anos Os;R$ 12.929,99
567;Notebook Intel Core I5, Tela 15.6” Full HD Ips, 8GB, 240 SSD E Windows 10 - Everex;R$ 3.239,11
568;Notebook  Dell I15-3501-n80s I7-1165 8gb 1tb Ssd-128gb 15 Mx330 2gb W10 Prata;R$ 6.999,00
569;Notebook Intel Core I5, Tela 15.6” Full Hd Ips, 4gb, 120 Ssd E Linux - Everex;R$ 2.969,11
570;Notebook HP Envy 15 X360 Intel I7-1255u 12a Geração, 64GB RAM,  SSD 4TB Nvme, Iris Xe Tela 15 Polegadas FHD, Windows 11, Silver;R$ 18.200,00
571;Notebook Asus Zenbook Duo 15 Intel I9, 12ª Geração, RAM 32GB, 2TB, 15 Polegadas UHD 4K, RTX 3060,  Windows 10 Pro, Black;R$ 32.700,00
572;Notebook Asus Zephyrus Duo 16 · Amd 6ª Geração, Ryzen·9 6900hx, Rtx 3070ti, Tela 16 Polegadas, QHD 3k, Ssd 4TB, Nvme Ram 64GB;R$ 45.100,00
573;Notebook Asus Zenbook Q529 Intel 12a Geração I7-12700h, 16GB RAM SSD 2TB Nvme, Tela 15 Polegadas UHD 3K, Iris Xe, Windows 11, Gray;R$ 17.700,00
574;HP Zbook Studio G9 Intel 12ª Geração I7-12800h Rtx A2000 Tela 15Polegadas UHD 4k SSD 1TB Nvme RAM 32GB;R$ 33.200,00
575;Msi Summit 14 Flip Intel 12ª Geração I7-1260p Iris Xe Tela 14Polegadas QHD SSD 2TB Nvme RAM 32GB;R$ 21.900,00
576;HP Envy 17  Intel 12ª Geração I7-1260p Iris Xe Tela 17Polegadas Full HD SSD 2TB Nvme RAM 32GB;R$ 15.800,00
577;Notebook Gamer Razer Blade 14 AMD Ryzen·9 6900hs, 16GB RAM, RTX 3080Ti, SSD 2TB Nvme, Tela 14 Polegadas QHD, Windows 10 Home, Black;R$ 34.800,00
578;Notebook Lenovo E14 Thinkpad  I5 1135g7 16gb 256gb 14 Fhd Windows 10 Pro;R$ 5.280,00
579;Notebook Gamer Razer Blade 14 AMD 6ª Geração Ryzen-9 6900hs, 16GB RAM, RTX 3080Ti, SSD 1TB Nvme, Tela 14 Polegadas QHD, Windows 11 Home, Black;R$ 33.100,00
580;Notebook Gamer Razer Blade 14 AMD 6ª Geração Ryzen-9 6900hs, 16GB RAM, RTX 3080Ti, SSD 1TB Nvme, Tela 14 Polegadas QHD, Windows 11 Home, Black;R$ 33.100,00
581;Notebook Gamer Razer Blade 14 AMD Ryzen·9 6900hs, 16GB RAM, RTX 3080Ti, SSD 2TB Nvme, Tela 14 Polegadas QHD, Windows 10 Home, Black;R$ 34.800,00
582;Ultrabook Samsung Galaxy Flex2, 2 in 1, I7-1165G7, 16GB, Iris XE Integrada, SSD 2TB NVME, 13 Pol. Qled, Windows 10 Home, Mystic Black;R$ 10.000,00
583;Ultrabook Samsung Galaxy Flex2, 2 in 1, I7-1165G7, 16GB, Iris XE Integrada, SSD 4TB NVME, 13 Pol. Qled, Windows 10 Home, Mystic Black;R$ 12.200,00
584;Notebook Gamer Hp Omen 17  Intel 12ª Geração I7-12700h, 32GB RAM, RTX 3060, SSD 1TB Nvme, Tela 17 Polegadas FHD, Windows 11 Home, Black;R$ 20.000,00
585;HP Zbook Studio G9 Intel 12ª Geração I9-12900h Rtx A2000 Tela 15Polegadas UHD 4k SSD 1TB Nvme RAM 32GB;R$ 38.600,00
586;Hp Zbook Power G9  Intel 12ª Geração I9-12900hk, 32GB RAM, RTX A1000, SSD 512GB Nvme, Tela 15 Polegadas FHD, Windows 11, Silver;R$ 34.300,00
587;HP Zbook Fury  G9  Intel 12ª Geração I9-12950hx Rtx A4000 Tela 16Polegadas Full HD SSD 1TB Nvme RAM 32GB;R$ 49.400,00
588;Notebook Asus Zenbook Space Edition · Intel 12ª Geração I9-12900h, Iris Xe, Tela 14 Polegadas, Oled Ssd 1TB Nvme Ram 32GB;R$ 23.500,00
589;Ultrabook Msi Summit E13  Intel 12ª Geração I7-1260p, 32GB RAM, Iris Xe, SSD 1TB Nvme, Tela 14 Polegadas FHD, Windows 11 Pro, Black;R$ 18.100,00
590;Notebook Asus Zenbook Q529 Intel 12a Geração I7-12700h, 16GB RAM SSD 2TB Nvme, Tela 15 Polegadas UHD 3K, Iris Xe, Windows 11, Gray;R$ 17.700,00
591;HP Zbook Studio G9 Intel 12ª Geração I7-12800h Rtx A2000 Tela 15Polegadas UHD 4k SSD 1TB Nvme RAM 32GB;R$ 33.200,00
592;Notebook Gamer Acer Predator Triton 300 Se Oled, I7 12ª Geração, 16GB, RTX 3060, SSD 1TB, Tela 14, Windows 11 Home - Pt314-52s-71ar;R$ 15.999,00
593;Asus Zenbook Pro 16  Intel 12ª Geração I9-12900hk Rtx 3060 Tela 16Polegadas Oled 4k SSD 2TB Nvme RAM 32GB;R$ 34.900,00
594;Notebooks Asus Zephyrus Duo 16 · Amd 6ª Geração Ryzen, 9 6900hx Rtx 3070ti, Tela 16 Polegadas, QHD 3k, Ssd 1TB Nvme Ram 32GB;R$ 38.600,00
595;HP Victus 15 Intel 12ª Geração I7-12700h Rtx 3050ti Tela 15Polegadas Full HD SSD 2TB Nvme RAM 32GB;R$ 14.600,00
596;HP Spectre 16 Intel 12ª Geração I7-12700h Iris Xe Tela 16Polegadas UHD 3k SSD 2TB Nvme RAM 16GB;R$ 15.100,00
597;MSI Ge67 Raider, Intel 12ª Geração I9-12900HX, 32GB RAM, RTX 3080TI, SSD 1TB NVME, Tela 15 Polegadas QHD 3K Oled, Windows 11 PRO, Black;R$ 40.200,00
598;Msi Summit 14 Flip Intel 12ª Geração I7-1260p Iris Xe Tela 14Polegadas QHD SSD 2TB Nvme RAM 32GB;R$ 21.900,00
599;Ultrabook Msi Summit 16 Flip  Intel 12ª Geração I7-1260p, 32GB RAM, RTX 3050Ti, SSD 1TB Nvme, Tela 16 Polegadas QHD, Windows 11 Home, Grafite;R$ 25.300,00
600;Notebook Asus Zenbook Space Edition · Intel 12ª Geração I9-12900h, Iris Xe, Tela 14 Polegadas, Oled Ssd 1TB Nvme Ram 32GB;R$ 23.500,00
601;Ultrabook Msi Summit E13  Intel 12ª Geração I7-1260p, 32GB RAM, Iris Xe, SSD 1TB Nvme, Tela 14 Polegadas FHD, Windows 11 Pro, Black;R$ 18.100,00
602;Notebook Dell I15-i1100 - Intel I3 1115g4, 8GB RAM, SSD 256GB, Tela 15.6 Full HD, Windows 11, Preto;R$ 4.538,99
603;Notebook Lenovo V15 G2 ITL, Intel Core I5-1135G7, 8GB, SSD 256GB NVME, Tela 15.6 Full HD, Free Dos;R$ 5.000,00
604;Notebook Dell I15-i1100, Intel I3 1115g4, RAM 8GB, SSD 256GB, Tela 15.6 Full HD, Win 10 Pro;R$ 4.989,49
605;Notebook Lenovo Ideapad Gaming 3i - Intel I5, 16GB RAM, RTX 3050, SSD 512GB, 15.6 Polegadas Full HD, Windows 10, Shadow Black - 82mgs00300;R$ 7.760,49
606;"Notebook Asus Rog Strix G15 G513ie-ph74 15.6"" Amd Ryzen 7 4800h Rtx 3050 Ti 4 GB - Cinza.";R$ 12.900,00
607;Asus Rog Flow X13  AMD 6ª Geração Ryzen·9 6900hs Rtx 3050 Ti Tela 13Polegadas UHD 4k SSD 1TB Nvme RAM 16GB;R$ 13.800,00
608;Notebook Dell, Latitude I5 1135 G7, 8GB, 256GB, Nvme, Tela 14'' HD,  Windows 10 Pro;R$ 5.499,00
609;"Notebook Ultra, Tela 14"", Intel I3 7020U, 4GB, SSD 500GB, Windows 10 - Prata";R$ 2.864,49
610;HP Envy 17  Intel 12ª Geração I7-1260p Iris Xe Tela 17Polegadas Full HD SSD 512GB Nvme RAM 12GB;R$ 13.000,00
611;Asus Rog Flow X16  AMD 6ª Geração Ryzen·9 6900hs Rtx 3060 Tela 16Polegadas Touch SSD 1TB Nvme RAM 16GB;R$ 18.300,00
612;Notebook Asus Rog Flow X16 · Amd 6ª Geração Ryzen 9 6900hs, Rtx 3060, Tela 16 Polegadas, Touch, Ssd 4TB, Nvme Ram 64GB;R$ 24.700,00
613;Notebook Asus Rog Flow X16 · Amd 6ª Geração, Ryzen·9 6900hs, Rtx 3060, Tela 16 Polegadas, Touch, Ssd 2TB Nvme, Ram 32GB;R$ 21.100,00
614;Asus Zephyrus G15 AMD 6ª Geração Ryzen·9 6900hs Rtx 3060 Tela 15Polegadas QHD SSD 1TB Nvme RAM 16GB;R$ 20.000,00
615;Notebook Samsung Book 15.6'' Full HD, Intel Core I3 11a Geração, 1115g4 4.1Ghz, 8Gb, DDR4 256Gb, SSD Windows 11 Cinza - Np550xda-kv4br;R$ 3.591,00
616;Notebook Samsung, Book 15.6'',FULL HD, Intel Core I3 11a Geração 1115G4 4.1GHZ 4GB, DDR4, 256GB SSD, Linux, NP550XDZ-KV6BR;R$ 3.051,00
617;Notebook Lg GRAM 17 Wqxga I7-1165g7 512GB Ssd 16GB Win 11 Home Preto - 17z90p-g.bh71p2;R$ 12.386,22
618;Notebook Vaio Fe15 Intel Core I5 Windows 11 Home 8gb 256gb Ssd Full Hd - Cinza Grafite;R$ 4.599,00
619;Notebook Positivo Motion Gray C464g-14, Intel Celeron Dual Core, 4GB DDR4, 64GB, Tela 14.1, Windows 11 Home, Cinza;R$ 1.799,00
620;Notebook Positivo Motion Gray C464g-14, Intel Celeron Dual Core, 4GB DDR4, 64GB, Tela 14.1, Windows 11 Home, Cinza;R$ 1.799,00
621;Notebook Lenovo V14, Amd R7-5825u, 8GB, 256GB, Ssd W11 Home 14'' FHD - 82un000hbr;R$ 4.223,12
622;Notebook Lenovo V14 AMD R7-5825u 8GB 256GB SSD W11 Pro 14Polegadas Full HD - 82un000dbr;R$ 4.575,12
623;Chromebook Samsung 11.6 Polegadas Intel 4GB, 64GB - XE310XBA-KT4BR;R$ 2.944,40
624;Notebook Acer Swift X Sfx14-41g-r2gy  14 Polegadas,Amd Ryzen 7  Home 8GB 512GB SSD Gtx 1650 Full Hd,Windows 11.;R$ 8.999,00
625;Notebook Samsung, Book 15.6'' FULL HD, Intel Dual Core 4GB, DDR4, 256GB SSD, Windows 11, Cinza, Np550xda-kp3br;R$ 4.499,10
626;Notebook Acer Aspire 5 A515-45g-r3bm AMD Ryzen 7 Windows 11 Home 8GB 256GB SSD Rx 640 15,6Polegadas  Full HD;R$ 4.999,00
627;Notebook Gamer Acer, Nitro 5 An515-45-r91a, Ryzen 5, Windows 11 Home, 8GB, 512GB, Ssd Gtx 1650, 15.6'' FHD;R$ 5.034,05
628;USADO: Notebook Acer Aspire 5 A514-54g-59bt, Intel Core I5-1135g7, Mx350, RAM 8GB, SSD 256GB, 14Polegadas, Windows 10 - Ouro Recer;R$ 4.289,00
629;Notebook Acer Aspire 5, Intel Core i3-1005g1, 4GB RAM, SSD 128GB, Tela 14 Polegadas, Windows 10 - Recertificado Ouro;R$ 2.870,00
630;USADO: Notebook Gamer Acer Nitro 5 An517-52-50rs, Intel Core I5-10300h, 8GB RAM, GTX 1650, SSD 512GB, Tela 17.3 Polegadas, Windows 11 - Ouro;R$ 5.279,00
631;Notebook Thinkpad E14 Ryzen 5 8gb 256gb Ssd Windows 11 Pro 14 Full Hd 20yd000jbo Preto;R$ 5.499,00
632;"Notebook Lenovo V15 I3-10110u, 8GB, 256GB SSD, W11 Pro, 15.6"" HD, Cinza - 82nq000mbr";R$ 3.799,00
633;Notebook Vaio Fe15 AMD Ryzen 7-5700U, 8GB RAM, SSD 128GB, 15.6 Full HD, Windows 11 Home - Prata Titânio;R$ 4.149,00
634;Notebook Acer Swift 3 Sf314-512t-7325 I7 12ª Gen Windows 11 Home 8GB 512GB SSD 14 PolegadasFHD Touchscreen;R$ 7.999,00
635;Notebook Acer, Aspire 3 Celeron N4020, 4GB, 256GB, SSD Nvme A315-34-c3wl, 15,6 Polegadas;R$ 2.685,86
636;Notebook Asus Intel I5, RAM 16GB, SSD 1TB, 15.6 Polegadas Full HD - Windows 10;R$ 5.941,49
637;Notebook Acer Aspire 3 Intel I5 1135g7, 32GB RAM, SSD 1TB, 15,6 Polegadas Full HD, Intel iris xe,  Windows 11, Prata;R$ 7.148,49
638;Notebook Vaio fe15 AMD Ryzen 3-5300U, 8GB RAM, SSD 128GB, 15.6 Polegadas Full HD,  Windows 11 Home - Prata Titânio;R$ 4.499,00
639;"Notebook Ultra, Tela 14"", Intel I5, 8GB, SSD 960GB, Windows 10 - Prata";R$ 4.164,99
640;Notebook Vaio fe15 AMD Ryzen 3-5300U, 8GB RAM, SSD 128GB, 15.6 Polegadas Full HD,  Windows 11 Home - Prata Titânio;R$ 4.499,00
641;Notebook Asus Intel I5, RAM 16GB, SSD 1TB, 15.6 Polegadas Full HD - Windows 10;R$ 5.941,49
642;Notebook Acer Aspire 3 Intel I5 1135g7, 32GB RAM, SSD 1TB, 15,6 Polegadas Full HD, Intel iris xe,  Windows 11, Prata;R$ 7.148,49
643;Notebook Dell I15-i1100 - I7 1165g7, 64GB RAM, SSD 1TB, Tela 15.6 Full HD, Intel Iris Xe, Win 11, Preto;R$ 9.332,99
644;Notebook Gamer Acer An517 - I5 11400h, 16GB, SSD 512GB, Tela 17.3 Polegadas Ips Full HD, Gtx 1650, Linux;R$ 7.394,99
645;Notebook Asus X513ea - Intel I7 1165g7, Ram 12GB, Ssd 1TB, Tela 15.6, Intel Iris Xe, Windows 10;R$ 5.941,49
646;Notebook Asus X513ea - Intel I7, RAM 32GB, Intel Iris Xe, SSD 1TB, 15.6 Polegadas LED, Windows 10;R$ 7.148,49
647;USADO: Notebook Acer Aspire 5 A515-45-r760, AMD Ryzen 7-5700u, RAM 8GB, SSD 256GB, Tela 15.6Polegadas, Windows 11 Home, Prata - Ouro Recer;R$ 3.299,00
648;Notebook Gamer Acer An517 Intel Core I5, RAM 32GB, GTX 1650, SSD 2TB, 17.3 Polegadas Full HD, Linux;R$ 9.817,49
649;Notebook Gamer Lenovo Ideapad Gaming 3i - Intel I5, 32GB RAM, RTX 3050, SSD 1TB, 15.6 Polegadas Full HD, Linux, Shadow Black - 82mgs00300;R$ 8.729,49
650;Notebook Gamer Acer Predator Ph315, I7 11800h, 16GB, SSD 1TB, Geforce Rtx 3070, FULL HD, Windows 11;R$ 13.208,99
651;Notebook Gamer Acer Predator Ph315, I7 11800h, 32GB, Geforce Rtx 3070, SSD 1TB, FULL HD, Windows 11;R$ 14.296,99
652;Notebook Lenovo Ideapad 3I Intel Core i3-1115g4, RAM 20GB, SSD 256GB NVMe, 15.6 polegadas Full HD, Windows 10 Professional, Prata - 82mds00300;R$ 3.943,99
653;Notebook Gamer Acer Intel Core I7-11800H, 32GB, GTX 1650 4GB, SSD 1TB, Tela 17.3 IPS 144Hz, Windows 11 - An517-54-76eg;R$ 8.848,49
654;USADO: Notebook Acer Aspire 5, Prata, Intel Core I5-1035g1, RAM 8GB, SSD 258GB, Tela 14 Polegadas, Windows 10 Recer ouro - A514-53-59qj;R$ 3.420,00
655;Notebook Lenovo, Intel Core I7 1255u, 8GB, 256GB SSD, Tela De 15,6 Polegadas,  Ideapad Flex 5i, Storm Grey - 82TA0001BR;R$ 5.615,77
656;"Notebook Lenovo V15 I7-1165g7 8gb 256gb Ssd Geforce Mx350 W11 Pro 15.6"" Fhd 82me000nbr Preto";R$ 5.219,10
657;Notebook Lenovo B330, Core I5 8250U, 8GB RAM, SSD 480GB, 15.6 Full HD, Windows 10 Home;R$ 4.393,00
658;Notebook Multi Ultra Intel Core I3, 4GB, HD 1TB, Tela 14 Polegadas, Linux - UB422;R$ 2.699,00
659;Notebook Lenovo Ideapad 3i I7-1165g7 8GB RAM, SSD 256GB, 15.6 Polegadas, Intel Iris Xe, Windows 11;R$ 3.869,10
660;Notebook Lenovo V14 AMD R5-5625u 8GB RAM, SSD 256GB, Windows 11 Home,  14 Polegadas Full HD -82un000cbr;R$ 3.431,12
661;Notebook Acer Swift 3  Intel Evo i5, RAM 8GB, SSD 512GB, 14 Polegadas Full HD - Windows 11 Home;R$ 7.999,00
662;Notebook Vaio i7-10510U 14 polegadas FHD 8GB SSD 256GB Win11;R$ 4.410,00
663;Notebook Dell I15-i1100, Intel I7 1165g7, 16GB RAM, SSD 256GB, Tela 15.6 Full HD, Intel Iris Xe;R$ 6.187,99
664;Notebook Dell I15-i1100, I7 1165g7, RAM 16GB, SSD 1TB, Tela 15.6 FULL HD, Intel Iris Xe, Win 11;R$ 6.910,49
665;Notebook Samsung - I7 1165g7, 16GB, Ssd 1TB, Intel Graphics Xe, Full Hd, Windows 11 - Np550xda;R$ 6.910,49
666;Notebook Gigabyte, U4 Ud I7, 16GB, SSD, 512GB,W11h 14 Ips-1195g7.;R$ 14.599,90
667;Notebook Acer Chromebook, Intel Celeron N4020, 4GB RAM, 32GB eMMC, Tela 11.6 Polegadas HD, Chrome OS - C733-C607;R$ 3.289,99
668;Notebook Multi Legacy Cloud 14 Pol. 2GB 32GB W10 Cinza - PC130;R$ 1.459,00
669;Notebook Acer Aspire 5,  Intel Core I5, 8GB, 256GB SSD, NVIDIA MX250, 15.6´, Windows 10 - A515-54G-53GP;R$ 3.667,00
670;"Notebook Acer Aspire 3, Intel Core I5 10ª Gen, 8GB RAM, 256GB SSD, 15.6"", Windows 10 - A315-54-55WY";R$ 4.299,00
671;Notebook Multi Intel Quad-Core 2Gb 32Gb Ssd Windows 14P;R$ 1.299,60
672;"Notebook Acer Aspire 5, Intel Core I3, 4GB, 128GB SSD, 14.0"", Windows 10 - A514-53-39PV";R$ 3.867,49
673;"Notebook Acer Aspire 3, Intel Core I3-1005G1, 4GB, 256GB SSD, 15.6"", Windows 10 Home - A315-56-330J";R$ 2.890,00
674;Notebook Compaq Corei3, 4gGB, SSD 120GB, win10sl - PC810 CQ-27;R$ 2.499,00
675;"Notebook Samsung Book E30, Intel i3-10110U, Windows 10 Home, 4GB, 1TB, 15.6"" Full HD LED - Branco";R$ 5.112,51
676;Notebook Lenovo Ideapad S145 AMD R5, 12GB, HD 1TB, Tela 15.6, Windows 10, Prata;R$ 3.779,00
677;"Notebook Positivo Motion C4500D, Intel Celeron Dual-Core, 14"", 4GB, 500GB, Windows 10 Home - Cinza";R$ 2.099,00
678;Notebook Asus Vivobook, Intel  Core  I3 7020u, 4gb, 256gb, Tela 15,60´´, Hd Graphics 620, Cinza Escuro - X543ua-dm3459t;R$ 2.999,00
679;Notebook Legacy Book Intel Celeron Tela 14.1 Polegadas HD, Wind 10 Home, PC250, Preto - Multi;R$ 2.309,90
680;Notebook Samsung Galaxy Book Pro 360 Plataforma Intel® EVO Core™ i7, Windows 10 Home, 16GB, 13.3'' Full HD;R$ 11.499,90
681;"Notebook Acer Proc Intel I3-6006u/4gb/1tb/15,6"" W10 Home Es1-572-3562";R$ 3.325,00
682;Notebook, Acer, Aspire 3 A315, A315-56-36z1, I3, 4gb Ram, 1tb Hd, 15.6 polegadas,  Windows 10, Cinza;R$ 3.090,00
683;Notebook Vaio Fe14 Intel Core I3 Windows 10 Home 4gb 256gb Ssd Full Hd Cinza Escuro;R$ 3.199,00
684;Notebook Samsung Book Intel Celeron 6305 Dual Core, 4GB, 500GB, Tela 15.6 Full HD, Linux, Cinza Chumbo - Np550xdz-Ko4br;R$ 2.429,91
685;"Notebook Acer A514-53- Tela 14"", Intel I3 1005g1, Ram 8gb, Ssd 128gb, Windows 10 Professional";R$ 4.062,99
686;Note Gamer Acer 15,6Polegadas An515-43-r9k7 Amd R5 8GB 1TB 256GB Ssd;R$ 7.037,96
687;"Macbook Pro TouchBar M1, 8GB, 512GB SSD, Tela 13.3"", Silver, 2020";R$ 9.974,99
688;Notebook Legacy Cloud, 2GB, 64GB, Win10 Home, Vermelho - Pc135;R$ 2.037,96
689;"Notebook HP Compaq Presario CQ-27, Intel Core I3, Tela 14"", 4GB, SSD 240GB, Linux";R$ 2.599,00
690;Notebook Acer A514-53 - Tela 14, Intel I3 1005g1, Ram 12gb, Ssd 128gb, Windows 10 Professional;R$ 4.164,99
691;Notebook Acer 14'', Intel I3 1005g1, 20GB, Ssd 256GB, Windows 10 Professional - A514-53;R$ 4.946,99
692;Notebook Vaio Fe14 - Tela 14 Full Hd - Intel I3 1005g1, 8gb, Ssd 128gb, Linux - VJFE43F11X - B0331H;R$ 3.935,49
693;Notebook Lenovo Intel Core i3-1005G1 , 4GB, 500GB, 15.6'', Win 10 Home - 82hb0001br;R$ 2.678,91
694;"Notebook Positivo Motion C4128e, Intel Celeron Dual-Core, SSD 128GB, Tela 14"", Windows 10 Home, Cinza - Inclui Microsoft 365";R$ 2.099,00
695;"Notebook Asus Vivobook, Intel Core I5, 8GB, 256GB SSD, Tela de 15.6"", Cinza Escuro - X543ua-dm3457t, 8250u";R$ 3.499,00
696;"Chromebook Lenovo 100e 2ª Geração, Intel Celeron N4020, 4gb, 32gb, 11.6"" Hd, Chrome Os, Preto";R$ 1.899,00
697;Notebook Hp 250 G7 - Tela 15.6 Hd, Intel I5 8265u, Ram 8gb, Ssd 256gb, Windows 10;R$ 3.899,00
698;Notebook Samsung Book 11 Intel Core I3-1115g4, 4GB RAM, 256GB SSD, 15.6'' Full HD, Linux, Cinza Chumbo;R$ 3.989,00
699;Vaio FE14, Core I3 10a Geração, 4GB, SSD 128GB, Tela 14 Full HD, Linux - Chumbo;R$ 3.637,99
700;Notebook Asus Cinza, Tela 15.6 Full Hd, Intel I3, Ram 8gb, Ssd 256gb, Windows 10 - X543ua;R$ 4.292,49
701;Notebook Acer A514-53 - Tela 14, Intel I3 1005g1, 12gb, Ssd 128gb + Hd 1tb, Windows 10 Pro;R$ 4.598,49
702;Notebook Samsung Book Dual Core 6305, Memoria 12GB, SSD 240GB, Tela 15.6 Polegadas, Windows 10;R$ 3.189,00
703;Notebook Acer Aspire Dual Core N4000, Memória De 4GB, SSD 240GB, 15.6 Polegadas, Windows 10;R$ 2.835,00
704;Notebook Acer Aspire Dual Core N4000, Memória De 8GB, SSD 240GB, 15.6 Polegadas, Windows 10;R$ 2.999,00
705;Notebook Lenovo Ultrafino Ideapad S145, Dual Core N4000, Memória 4GB, SSD 120GB, Windows 10;R$ 2.990,00
706;Notebook Lenovo Ultrafino Ideapad S145, Dual Core N4000, Memória 4GB, SSD 128GB + HD500GB, Windows 10;R$ 3.190,00
707;Notebook Lenovo Ultrafino Ideapad S145, Dual Core N4000, Memória 8GB, HD SSD 240GB, Windows 10;R$ 3.499,00
708;Notebook Acer Aspire Dual Core N4000, Memória De 8GB, SSD 120GB, 15.6 Polegadas, Windows 10;R$ 2.949,00
709;Notebook Vaio FE14, RAM 8GB, SSD 256GB, 14pol. FHD, Intel UHD Graphics, Linux - VJFE42F11X-B0361H;R$ 3.689,10
710;Notebook Compaq Presario 450, Intel Core I5, Windows 10 Home, 8GB, 240GB, SSD 14''- Cinza;R$ 3.285,50
711;"Macbook Air, Chip M1, 8gb, 256gb Ssd, Tela De 13"", Cinza - Mgn63bz/a";R$ 9.879,00
712;Notebook Lenovo Ideapad 3i-15igl05, Intel Celeron N4020, 4GB, SSD 128GB, Tela 15.6, Windows 10, Prata - 82bu0001br;R$ 2.445,33
713;"Notebook Acer Aspire 5 Intel Core I5-10210u, 8gb, 256gb Ssd M.2, 15.6"" Full Hd, Windows 10 Home, Cinza - A515-54-53VN";R$ 4.612,18
714;Notebook Lenovo Ideapad S145 I7-1065G7, 8GB, 256GB SSD, Linux Intel Iris Plus, FHD, Prata - 82djs00000;R$ 5.218,99
715;"Notebook Asus Core I5-8250u, 4GB, 256GB SSD, Tela Full Hd 15.6"", Windows 10 - X543ua-dm3458t";R$ 4.606,99
716;Mobile Hp Zbook 15u G5 I7-8650u, 16 Gb, 512gb, Windows 10 Professional 64 Bits;R$ 17.435,41
717;"Notebook Compaq Presario 421, 14"" HD, Pentium N3700, 120GB SSD, 4GB, Shell Efi";R$ 1.699,00
718;Notebook Acer Aspire 5 A515-54-70cm, Intel Core I7, 8Gb, 512Gb, Ssd 15,6'' - Endless;R$ 4.899,00
719;Vaio Fe15 Intel Core I3 8ª Geração, Windows 10 Home - Chumbo/Preto;R$ 3.499,00
720;"Notebook Asus Vivobook 15.6"", Intel Core I7 1165G7, 8GB, 256GB, Win 10 Home - X513EA-EJ1064T";R$ 4.853,49
721;Notebook Lenovo Bs145-15iil I3 1005g1 4gb 500gb 15.6 Dos;R$ 4.976,50
722;Notebook Lenovo Ideapad 3i - Tela 15.6, Intel I3 10110u, RAM 8GB, SSD 128GB, Linux;R$ 3.229,99
723;"Notebook Acer Aspire 3, Intel Core I3, Windows 10, Home 8GB, 256GB SSD, 15,6"" Fhd - A315-56-311j";R$ 3.485,00
724;Notebook Vaio Fe14 - Tela 14 Full Hd, Intel I3 1005g1, 16gb, Ssd 500gb, Linux;R$ 4.572,99
725;Notebook Compaq Presario 424, Intel Pentium N3700, Linux, 4GB, 1TB, 14'' - Cinza;R$ 1.934,00
726;Notebook Gamer Lenovo 3i - Full Hd, Intel I7 10750h, 64gb, Ssd 512gb, Geforce Gtx 1650, Linux;R$ 10.905,49
727;Notebook Acer Aspire 5 Intel Core I3-10110u, 4gb, Ssd 256gb M.2, 15.6´´ Full Hd, Windows 10, Prata - Nx.hqmal.00r;R$ 3.239,00
728;Notebook Lenovo Thinkpad T14 Intel Core I5-10210u, 8gb, 256gb Ssd Nvme, Windows 10 Pro, 14  Fhd;R$ 5.087,04
729;Notebook Compaq Presario 423, Intel Pentium N3700, Linux, 4GB, 500 GB, 14'' - Cinza;R$ 2.199,00
730;Notebook Intel Pentium Legacy, 14 Polegadas Polegadas, Multi, 128GB - Pc319;R$ 1.519,91
731;Notebook Compaq Presario 420, Intel Pentium N3700, 4GB RAM, SSD 240GB, Tela 14 HD, Windows 10, Cinza;R$ 2.575,49
732;Notebook Gamer Lenovo 3i - Full Hd, Intel I7 10750h, 16gb, Ssd 512gb, Geforce Gtx 1650, Linux;R$ 8.363,99
733;Notebook Gamer Lenovo 3i - Full Hd, Intel I7 10750h, 16gb, Ssd 512gb, Geforce Gtx 1650, Windows Pro;R$ 8.729,49
734;Notebook Asus X543UA, Intel I, 16GB RAM, SSD 256GB, 15.6 Full HD, Windows 10, Cinza;R$ 4.521,99
735;Notebook Dell I15-3501-a45s - Tela 15.6, I5 1135g7, 8gb, Ssd 256gb, Intel Iris Xe, Windows 10;R$ 4.945,00
736;Notebook Vaio Fe14 - Tela 14 Full Hd, Intel I3 1005g1, 8gb, Ssd 256gb, Windows 10 Pro;R$ 4.938,49
737;Notebook Positivo, Motion Red, Intel Celeron Dual Core, Windows 11 Home, Vermelho, Inclui Microsoft 365;R$ 2.199,00
738;Pasta De Couro Legítimo Nordweg - Italiano Café - Para Notebook - Nw066b-ic;R$ 1.640,49
739;Notebook Vaio Fe15, Intel Core I5, RAM 8GB, SSD 256GB, 15.6pol. HD, Windows 10 Pro, Cinza;R$ 4.199,00
740;"Notebook Acer A515-55g-51hj I5-1035g1 8gb 256gb Ssd 15,6"" Win10 - Nx.a7mal.005";R$ 7.129,99
741;Notebook Positivo Intel, 4GB, SSD 64GB, 14´, 1.9Ghz, Windows 10, Cinza Azulado;R$ 1.799,00
742;Notebook Lenovo Ideapad S145 - Tela 15.6 Full Hd, Intel I7 1065g7, 20gb, Ssd 256gb, Windows 10 Pro;R$ 6.544,99
743;Notebook Lenovo Ideapad 3i - Tela 15.6, Intel I3 10110u, Ram 12gb, Ssd 512gb, Linux;R$ 3.722,99
744;Notebook Lenovo Ideapad 3i - Tela 15.6, Intel I3 10110u, RAM 12GB, SSD 128GB, Linux;R$ 3.323,49
745;Notebook Lenovo Ideapad 3i - Tela 15.6, Intel I3 10110u, RAM 12GB, SSD 128GB, Windows 10 Pro;R$ 3.773,99
746;Notebook Positivo, Motion Gray, Intel Celeron Dual Core, Windows 11 Home, Cinza, Inclui Microsoft 365;R$ 1.799,90
747;Notebook Lenovo Ideapad S145 - Tela 15.6 Hd, Intel I3 8130u, Ram 4gb, Hd 1tb, Linux - 81xms00000;R$ 4.122,49
748;"Notebook Acer A314-35-c236 14"" Celeron N4500 4GB 500GB W10h";R$ 2.543,00
749;Notebook Lenovo Ideapad 3i - Tela 15.6, Intel Celeron N4020, Ram 4gb, Ssd 128gb, Linux - 82bus00100;R$ 2.915,49
750;Chromebook Acer C733-C3V2, Celeron 4GB, 32GB - NX.AYRAL.001;R$ 2.299,00
751;Notebook Lenovo Ideapad S145 - Tela 15.6 Full Hd, Intel I7 1065g7, 12gb, Ssd 1tb, Linux;R$ 6.306,99
752;Notebook Lenovo Ideapad S145 - Tela 15.6 Full Hd, Intel I7 1065g7, 12gb, Ssd 256gb, Windows 10 Pro;R$ 6.060,49
753;Notebook Lenovo Ideapad S145 - Tela 15.6 Full Hd, Intel I7 1065g7, 12gb, Ssd 256gb, Linux;R$ 5.507,99
754;Notebook Lenovo Ideapad - Tela 15.6 Full Hd, Intel I7 1065g7, 20gb, Ssd 256gb, Linux;R$ 5.822,49
755;Notebook Positivo Motion C41tei Intel Celeron Dual-core Linux 14'' - Vermelho;R$ 2.069,00
756;Notebook Positivo Motion C4128ei Intel® Celeron® Dual-core™ Linux 14´´ - Vermelho;R$ 2.099,00
757;"Notebook Hp 14-dq0031dx 14"" Memória Ddr4 4gb- Hd Ssd 64gb Intel Celeron N4020  - Preto";R$ 2.749,00
758;Note E14 Gen 2 I5-1135g7 8gb 25 6gb Ssd 14.0´´ Win10 Pro 1 Ano Os;R$ 4.939,00
759;Fonte Cougar Polar 1050w, Full Modular, 80 Plus Platinum, Branca;R$ 2.199,00
760;Notebook Intel Core I5, Tela 15.6” Full Hd Ips, 8gb, 240gb Ssd E Windows 10  - Everex;R$ 3.239,11
761;"Tela  17.3""  Led Slim  Uhd  Ips B173zan01.0  40 Pinos  Marca Fti";R$ 2.145,99
762;"Tela  17.3""  Led Slim   Nv173fhm-n41 30 Pinos  Marca Fti";R$ 1.149,50
763;"Notebook 14""Chromebook Celeron N3350 4gb Ram/64gbssd Preto 14-ca064dx Hp";R$ 1.937,25
764;"Workstation Lenovo P50 15.6"" Intel E3-1535m 16gb 256gb Ssd Windows 7 Professional 64 Reinstalled Through Downgrade Rights In Windows 10 Pro";R$ 20.169,59
765;Notebook LG Gram Intel Core i5-1035G7, 8GB, 256GB SSD M.2 NVMe, 15.6´ IPS FHD, Windows 10 Home, Cinza Escuro - 15Z90N-V.BJ51P2;R$ 8.946,60
766;"Notebook Ultra, Tela 15.6"" Full HD, Intel Celeron, 4GB, SSD 480GB, Windows 11 + Microsoft 365";R$ 2.439,49
767;"Notebook Ultra, Tela 14"", Intel I5, 8GB, SSD 480GB, Windows 10 - Prata";R$ 3.833,49
768;Notebook Ultra, Tela 15 Full HD, Intel I5, 8GB, SSD 480GB, Windows 10 - Prata;R$ 3.892,99
769;Notebook Acer Aspire 5, Intel Core I3 11 Gen, Memória RAM 4GB, SDD 256GB, 14 Full HD, Windows 11 Home - A514-54-385S;R$ 2.849,05
770;Notebook Gamer Acer An515 - Tela 15.6 Ips Full Hd, I5 10300h, 32gb, Ssd 512gb, Gtx 1650, Windows 11;R$ 8.244,99
771;Notebook Ultra Ub522 - Tela 15 Full HD, Intel I5, Ram 8GB, SSD 240GB, Windows 10 - Prata;R$ 2.945,50
772;Notebook Lenovo Ideapad 3I, Intel I3 10110U, 12GB RAM, SSD 256GB, Tela 15.6 HD, Windows 10 Pro;R$ 4.657,99
773;"Notebook Ultra, Tela 14"", Intel I3 7020U, 4GB, SSD 256GB, Windows 10 - Prata";R$ 3.008,99
774;"Notebook HP 256 G8 - Tela 15.6"", Intel I5 1035g1, RAM 8GB, SSD 256GB, Windows 11 - 5r5a5la";R$ 4.079,99
775;Notebook HP 256 G8 - Tela 15.6, Intel I5 1035g1, Ram 16GB, SSD 256GB, Windows 11;R$ 4.368,99
776;Notebook HP 256 G8 - Tela 15.6, Intel I5 1035g1, Ram 32GB, SSD 1TB, Windows 11;R$ 5.941,49
777;Notebook Hp 256 G8 - Tela 15.6, Intel I5 1035g1, Ram 16GB, SSD 256GB, Windows 10 Professional;R$ 4.819,49
778;Notebook Samsung  I7 1165g7, 64gb, Ssd 1tb, Intel Graphics Xe, Full Hd, Windows 11 Np550xda;R$ 9.570,99
779;"Note V15 Iml I3-10110u 8gb(4+4) 256gb Ssd 15.6""  Win10 Pro 1ano Dp";R$ 2.690,00
780;Notebook Samsung - I3 1115g4, 8gb, Hd 1tb, Intel Graphics Xe, Full Hd - Np550xda;R$ 3.348,99
781;Notebook LG, GRAM 17, Wqxga, I5-1035g7, 256GB, 8GB, Win11, Home Cinza - 17z90n-v.bj51p2;R$ 10.321,62
782;"Notebook Positivo Vaio, Intel Core I3, 4GB RAM, SSD 128GB,  14""  Linux, Cinza Escuro";R$ 5.017,05
783;Notebook Ultra Windows 10 Home Tela 14 Polegadas Core I3 Memória 4GB 120GB SSD Prata - UB420;R$ 2.699,00
784;"Notebook Lenovo Ultrafino Ideapad 3i I7 8GB 256 GB SSD Placa De Vídeo Dedicada W11 15.6"" Polegadas Prata - 82bs000mbr";R$ 6.499,00
785;Notebook Gamer Lenovo 3i - Full Hd, Intel I7 10750h, 16gb, Ssd 512gb, Geforce Gtx 1650, Windows Pro;R$ 9.451,99
786;Notebook Gamer Acer An515 - Tela 15.6 Ips Fhd, I5, 16gb, Ssd 512gb + Hd1tb, Gtx 1650, Windows 11;R$ 7.998,49
787;"Macbook Apple Air 13"", Processador M1, (8GB RAM 256GB SSD) Cinza-espacial";R$ 9.676,34
788;Notebook Gamer Acer An515 - 15.6 Full Hd 144hz, Ryzen 7, 32gb, Ssd 512gb, Gtx 1650 - Windows 11;R$ 8.244,99
789;Notebook Gamer Acer An515 - 15.6 Full Hd 144hz, Ryzen 7, 16gb, Ssd 512gb, Gtx 1650 - Windows 11;R$ 7.148,49
790;Notebook Gamer Acer An515 - 15.6 Full Hd 144hz, Ryzen 7, 32gb, Ssd 512gb + Hd 2tb, Gtx 1650, Win 11;R$ 9.817,49
791;Notebook Lenovo Ideapad S145 82DJ0003BR Intel Core;R$ 4.099,00
792;"Notebook Lenovo Thinkpad L14 R5 Pro 8gb 256gb Ssd W11 Pro 14"" Hd 20u6002sbo Preto";R$ 5.219,10
793;"Apple Macbook Pro 13"" (M2 Da Apple, Com 8 CPU, 10 GPU, 8GB RAM, 256GB SSD) - Cinza-espacial";R$ 10.924,99
794;Notebook Gamer, Lenovo, Legion5 Ryzent 7, Placa Nvidia, RTX3050, 16GB-512GB, SSD-windows 10, Tela 15.6'' 120HZ-82QJ0000BR;R$ 8.054,94
795;"Notebook Dell i15-3501 - Intel i7 1165G7, 16GB, SSD 256GB, Intel Iris Xe, Tela 15.6"", Windows 10";R$ 6.187,99
796;Notebook Samsung - I3 1115g4, 8Gb, Ssd 256Gb + Hd 1Tb, Intel Graphics Xe, Full HD - Np550xda;R$ 3.909,99
797;Notebook Acer, Aspire 5, Intel Core I5 10210u 15.6 8GB, SSD 256GB, Win 10, Geforce MX250;R$ 4.427,97
798;Notebook Samsung Book - I3 1115G4, RAM 32GB, SSD 256GB + HD 1TB, Intel Graphics Xe, Windows 10;R$ 4.751,49
